Name,User Populariy,User Rating,Global Popularity,Global Rating,misc
Akame ga Kill!,13,6.154,2027536,7.47,1
Angel Densetsu,3,6.333,38698,7.47,2
Black Clover,13,6.154,1591872,8.15,3
Bocchi the Rock!,15,7.133,475176,8.82,4
Boku dake ga Inai Machi,14,7.143,2027978,8.30,5
Boku no Hero Academia,21,5.857,2928604,7.88,6
Boku no Hero Academia 2nd Season,20,6.05,2447161,8.10,7
Boku no Hero Academia 3rd Season,19,6.211,2119182,8.03,8
Boku no Hero Academia 4th Season,16,6.0,1664142,7.90,9
Boku no Hero Academia 5th Season,16,4.812,1125814,7.38,10
Boku no Pico,5,2.8,177834,4.23,11
Bungou Stray Dogs,7,5.571,1336205,7.82,12
Bungou Stray Dogs 2nd Season,4,6.5,822149,8.19,13
Bungou Stray Dogs 3rd Season,3,4.333,601742,8.22,14
Bungou Stray Dogs: Dead Apple,1,5.0,265966,7.92,15
Charlotte,6,5.833,1562031,7.75,16
Chicken Papa,5,3.2,2497,4.18,17
Code Geass: Hangyaku no Lelouch,17,7.824,2183821,8.70,18
Code Geass: Hangyaku no Lelouch R2,15,8.067,1726244,8.91,19
Cowboy Bebop,14,8.071,1803320,8.75,20
Death Note,21,7.81,3775438,8.62,21
Domestic na Kanojo,9,5.0,725155,6.67,22
Dororo,13,7.154,1174026,8.25,23
Dr. Stone,16,7.375,1667130,8.28,24
Dr. Stone: Stone Wars,14,6.929,988788,8.17,25
FLCL,11,7.818,799399,8.03,26
Fugou Keiji: Balance:Unlimited,4,6.75,415448,7.53,27
Fullmetal Alchemist: Brotherhood,18,8.778,3229940,9.10,28
Gakuen Babysitters,3,5.667,326475,7.90,29
Golden Boy,12,7.417,383685,8.04,30
Golden Kamuy,4,8.5,372338,7.88,31
Golden Time,5,7.0,1008362,7.74,32
Grand Blue,10,7.9,747909,8.43,33
Great Teacher Onizuka,8,8.0,800735,8.69,34
Haikyuu!!,11,7.455,1902910,8.44,35
Haikyuu!! Karasuno Koukou vs. Shiratorizawa Gakuen Koukou,7,7.714,1161625,8.78,36
Haikyuu!! Second Season,7,7.857,1383175,8.63,37
Haikyuu!! To the Top,6,7.667,896918,8.36,38
Haikyuu!! To the Top Part 2,5,7.4,775887,8.55,39
Hataraku Maou-sama!,7,7.0,1526786,7.74,40
Horimiya,10,6.2,1296597,8.20,41
Hunter x Hunter (2011),19,7.842,2713203,9.04,42
"Ijiranaide, Nagatoro-san",11,5.364,769227,7.28,43
Itsudatte Bokura no Koi wa 10 cm Datta.,1,8.0,221495,7.46,44
Jibaku Shounen Hanako-kun,4,6.0,568540,7.84,45
JoJo no Kimyou na Bouken (TV),17,7.0,1603250,7.89,46
JoJo no Kimyou na Bouken Part 3: Stardust Crusaders,15,6.867,1172156,8.10,47
JoJo no Kimyou na Bouken Part 3: Stardust Crusaders 2nd Season,13,7.769,1071695,8.44,48
JoJo no Kimyou na Bouken Part 4: Diamond wa Kudakenai,12,8.083,1079334,8.50,49
JoJo no Kimyou na Bouken Part 5: Ougon no Kaze,12,7.0,980566,8.58,50
JoJo no Kimyou na Bouken Part 6: Stone Ocean,11,6.545,468739,8.16,51
Jujutsu Kaisen,19,7.105,2345282,8.63,52
K-On!,3,7.333,1027555,7.85,53
K-On!: Live House!,1,8.0,157804,7.84,54
Kaguya-sama wa Kokurasetai: Tensai-tachi no Renai Zunousen,15,7.733,1669337,8.41,55
Kaguya-sama wa Kokurasetai: Ultra Romantic,13,7.692,858916,9.04,56
Kaguya-sama wa Kokurasetai? Tensai-tachi no Renai Zunousen,14,7.429,1286919,8.64,57
Kimetsu no Yaiba,21,6.381,2885480,8.49,58
Kimetsu no Yaiba Movie: Mugen Ressha-hen,12,7.083,1451780,8.61,59
Kimetsu no Yaiba: Mugen Ressha-hen,13,6.538,677490,8.39,60
Kimetsu no Yaiba: Yuukaku-hen,16,7.312,1314251,8.78,61
Kimi ni Todoke,1,5.0,911006,8.00,62
Kimi no Na wa.,18,7.611,2645563,8.84,63
Kimi no Suizou wo Tabetai,11,7.727,920281,8.55,64
Kiseijuu: Sei no Kakuritsu,18,7.944,1810361,8.33,65
Kiss x Sis,3,4.0,323421,6.83,66
Kiss x Sis (TV),2,3.0,565463,6.60,67
Koe no Katachi,16,7.375,2237898,8.94,68
"Komi-san wa, Comyushou desu.",15,5.333,837164,7.90,69
Kono Subarashii Sekai ni Shukufuku wo!,16,7.0,1893740,8.11,70
Kono Subarashii Sekai ni Shukufuku wo! 2,12,7.5,1461927,8.26,71
Kono Subarashii Sekai ni Shukufuku wo! Movie: Kurenai Densetsu,9,7.333,742388,8.44,72
Maoujou de Oyasumi,4,6.5,203436,7.98,73
Masamune-kun no Revenge,5,5.2,851601,6.74,74
Mob Psycho 100,17,7.294,1995182,8.49,75
Mob Psycho 100 II,15,8.4,1464982,8.80,76
Mushoku Tensei: Isekai Ittara Honki Dasu,16,6.562,1219571,8.37,77
Mushoku Tensei: Isekai Ittara Honki Dasu Part 2,12,7.417,837118,8.69,78
Nanatsu no Taizai,14,5.429,2001447,7.66,79
Nanatsu no Taizai Movie 2: Hikari ni Norowareshi Mono-tachi,4,4.0,75731,7.13,80
Nanatsu no Taizai: Funnu no Shinpan,9,3.889,408352,6.58,81
Nanatsu no Taizai: Imashime no Fukkatsu,12,5.5,1095353,7.58,82
Nanatsu no Taizai: Kamigami no Gekirin,13,4.154,703884,6.46,83
No Game No Life,9,5.778,2335742,8.08,84
Noragami,8,6.5,2106406,7.95,85
Noragami Aragoto,5,6.4,1420347,8.15,86
Odd Taxi,11,7.909,404261,8.68,87
Okusama ga Seitokaichou!,2,3.0,291847,6.57,88
Okusama ga Seitokaichou!+!,2,3.0,166393,6.58,89
Onara Gorou,5,5.0,14510,5.53,90
One Punch Man,21,7.571,3110089,8.50,91
One Punch Man 2nd Season,19,6.842,1623873,7.51,92
"Ore, Tsushima",3,6.333,18444,6.96,93
Owari no Seraph,7,6.429,1296870,7.49,94
Owari no Seraph: Nagoya Kessen-hen,5,6.0,768461,7.62,95
Prison School,15,7.467,986659,7.61,96
Prison School: Mad Wax,7,7.429,151747,7.37,97
Re:Zero kara Hajimeru Isekai Seikatsu,12,6.75,2125937,8.23,98
Re:Zero kara Hajimeru Isekai Seikatsu 2nd Season,8,6.375,1064054,8.34,99
Re:Zero kara Hajimeru Isekai Seikatsu 2nd Season Part 2,8,6.375,841629,8.44,100
Saiki Kusuo no Ψ-nan,9,7.889,1059632,8.41,101
Saiki Kusuo no Ψ-nan 2,7,7.857,617259,8.42,102
Sakamoto desu ga?,8,6.75,750887,7.55,103
Sakura-sou no Pet na Kanojo,6,7.0,1220089,8.08,104
Samurai Champloo,12,8.167,1204819,8.51,105
Seishun Buta Yarou wa Bunny Girl Senpai no Yume wo Minai,12,6.25,1671725,8.24,106
Seishun Buta Yarou wa Yumemiru Shoujo no Yume wo Minai,7,7.429,680835,8.60,107
Sen to Chihiro no Kamikakushi,14,8.214,1791990,8.78,108
Shingeki no Kyojin,22,7.818,3807661,8.54,109
Shingeki no Kyojin Season 2,20,8.1,2615007,8.51,110
Shingeki no Kyojin Season 3,20,7.8,2260704,8.62,111
Shingeki no Kyojin Season 3 Part 2,19,9.0,2158366,9.05,112
Shingeki no Kyojin: The Final Season,16,8.125,1892394,8.79,113
Shingeki no Kyojin: The Final Season Part 2,16,7.812,1179623,8.77,114
Spy x Family,15,7.133,1416370,8.59,115
Sword Art Online,11,6.364,2990941,7.20,116
Sword Art Online II,9,5.0,1927191,6.71,117
Sword Art Online Movie: Ordinal Scale,5,5.2,708750,7.56,118
Sword Art Online: Alicization,6,6.5,1010655,7.56,119
Sword Art Online: Alicization - War of Underworld,6,5.333,731827,7.58,120
Sword Art Online: Alicization - War of Underworld 2nd Season,4,5.5,587459,7.48,121
Tanaka-kun wa Itsumo Kedaruge,2,7.5,451244,7.83,122
Tengen Toppa Gurren Lagann,11,8.091,1568821,8.63,123
Tensei shitara Slime Datta Ken,14,6.071,1370679,8.14,124
Tensei shitara Slime Datta Ken 2nd Season,10,6.0,899692,8.39,125
Tensei shitara Slime Datta Ken 2nd Season Part 2,10,6.4,706081,8.33,126
Tokyo Revengers,12,5.667,1187433,7.97,127
Tonikaku Kawaii,5,6.6,710255,7.89,128
Tonikaku Kawaii: SNS,2,5.0,146321,8.06,129
Utsu Musume Sayuri,5,3.0,21037,1.99,130
Uzaki-chan wa Asobitai!,4,5.5,459268,7.00,131
Vinland Saga,17,8.765,1414463,8.74,132
Wotaku ni Koi wa Muzukashii,6,7.667,947942,7.94,133
Yahari Ore no Seishun Love Comedy wa Machigatteiru.,6,7.333,1393422,8.01,134
Yahari Ore no Seishun Love Comedy wa Machigatteiru. Kan,4,7.25,700069,8.36,135
Yahari Ore no Seishun Love Comedy wa Machigatteiru. Zoku,4,8.0,1032611,8.21,136
Yakusoku no Neverland,15,8.533,1900852,8.51,137
Yakusoku no Neverland 2nd Season,12,3.917,897298,5.29,138
Youkoso Jitsuryoku Shijou Shugi no Kyoushitsu e,13,6.385,1186489,7.86,139
Yuukoku no Moriarty,5,7.2,403739,8.17,140
Yuukoku no Moriarty Part 2,5,6.6,236618,8.28,141
Zankyou no Terror,9,7.556,1135978,8.09,142
Beelzebub,5,5.8,584169,7.86,143
Boku no Hero Academia the Movie 3: World Heroes' Mission,5,4.2,233644,7.58,144
Danshi Koukousei no Nichijou,5,7.0,803140,8.23,145
Darling in the FranXX,15,4.533,1593546,7.20,146
Enen no Shouboutai,12,5.917,1280806,7.71,147
Himouto! Umaru-chan,6,4.333,674862,7.11,148
Kaifuku Jutsushi no Yarinaoshi,5,3.8,558334,6.34,149
Kimi ni Todoke 2nd Season,1,2.0,462352,7.98,150
Nanbaka,2,4.5,325213,7.33,151
One Piece,11,7.0,2238639,8.71,152
Sono Bisque Doll wa Koi wo Suru,13,6.385,979550,8.22,153
Tokyo Ghoul,17,6.353,2738818,7.79,154
Tomodachi Game,11,5.909,354596,7.72,155
Bleach: Sennen Kessen-hen,11,7.273,481887,9.05,156
Shingeki no Kyojin: The Final Season - Kanketsu-hen,5,7.6,481368,9.03,157
86,11,6.727,717328,8.29,158
86 Part 2,10,6.7,455441,8.71,159
Ajin,4,7.5,576481,7.39,160
Ajin OVA,2,6.5,44998,7.18,161
Ajin Part 2,4,7.25,289845,7.58,162
Ajin Part 2 OVA,2,6.5,15769,7.03,163
Akudama Drive,3,7.333,415277,7.59,164
Angel Beats!,7,5.0,2031504,8.06,165
Ano Hi Mita Hana no Namae wo Bokutachi wa Mada Shiranai.,10,7.2,1572048,8.31,166
Bakemonogatari,10,7.8,1370163,8.33,167
Black Clover: Mahou Tei no Ken,5,6.8,193558,8.08,168
Bubble,6,6.333,195126,7.26,169
Byousoku 5 Centimeter,6,6.333,921666,7.57,170
Chainsaw Man,19,7.526,1359616,8.55,171
Cyberpunk: Edgerunners,17,7.529,639512,8.60,172
Death Parade,14,7.643,1716563,8.15,173
Dr. Stone: Ryuusui,7,7.429,251547,8.21,174
Elfen Lied,9,6.667,1479245,7.48,175
Evangelion: 1.0 You Are (Not) Alone,7,7.857,548145,8.00,176
Evangelion: 2.0 You Can (Not) Advance,7,7.857,526790,8.30,177
Evangelion: 3.0 You Can (Not) Redo,7,6.571,430567,7.64,178
Evangelion: 3.0+1.0 Thrice Upon a Time,6,8.167,357313,8.60,179
Fate/stay night Movie: Heaven's Feel - I. Presage Flower,6,7.833,439959,8.17,180
Fate/stay night Movie: Heaven's Feel - II. Lost Butterfly,6,8.667,373479,8.49,181
Fate/stay night Movie: Heaven's Feel - III. Spring Song,6,9.0,333287,8.67,182
Fate/stay night: Unlimited Blade Works,7,7.0,1040406,8.18,183
Fate/stay night: Unlimited Blade Works 2nd Season,7,7.286,832123,8.32,184
Fate/stay night: Unlimited Blade Works 2nd Season - Sunny Day,3,6.667,110323,7.46,185
Fate/stay night: Unlimited Blade Works Prologue,3,8.0,313451,8.04,186
Fate/Zero,10,7.1,1466450,8.28,187
Fate/Zero 2nd Season,10,7.9,1089752,8.55,188
Fumetsu no Anata e,8,7.25,831686,8.35,189
Gantz:O,3,7.0,97274,7.41,190
Goblin Slayer,8,6.875,1070137,7.42,191
Gyakkyou Burai Kaiji: Ultimate Survivor,5,8.2,344229,8.27,192
Haibane Renmei,6,7.167,277614,7.97,193
Hellsing Ultimate,9,6.889,902441,8.35,194
Hotaru no Haka,8,7.125,650967,8.51,195
Hotarubi no Mori e,5,7.4,802745,8.28,196
Houseki no Kuni,8,7.625,443856,8.39,197
Houseki no Kuni PV,1,7.0,17689,6.62,198
Howl no Ugoku Shiro,9,7.333,1281697,8.66,199
JoJo no Kimyou na Bouken Part 6: Stone Ocean Part 2,9,6.556,225780,8.10,200
JoJo no Kimyou na Bouken Part 6: Stone Ocean Part 3,9,7.556,169104,8.61,201
Jujutsu Kaisen 0 Movie,15,6.933,786683,8.47,202
Kakegurui,9,5.778,1436321,7.24,203
"Kanojo, Okarishimasu",10,4.6,946599,7.04,204
Kara no Kyoukai Movie 1: Fukan Fuukei,5,5.8,417365,7.57,205
Kara no Kyoukai Movie 2: Satsujin Kousatsu (Zen),5,6.0,236277,7.78,206
Kara no Kyoukai Movie 3: Tsuukaku Zanryuu,5,6.6,224165,8.02,207
Kara no Kyoukai Movie 4: Garan no Dou,5,6.4,211096,7.83,208
Kara no Kyoukai Movie 5: Mujun Rasen,5,6.6,233626,8.52,209
Kenpuu Denki Berserk,10,8.5,625433,8.57,210
Kingdom 3rd Season,2,9.0,94349,8.81,211
Kizumonogatari I: Tekketsu-hen,10,7.6,515005,8.36,212
Kizumonogatari II: Nekketsu-hen,10,7.8,431757,8.57,213
Kizumonogatari III: Reiketsu-hen,10,7.8,447238,8.79,214
"Komi-san wa, Comyushou desu. 2nd Season",5,7.0,449364,8.06,215
Koukaku Kidoutai,10,7.7,615123,8.27,216
Made in Abyss,11,7.545,1323606,8.66,217
Made in Abyss Movie 3: Fukaki Tamashii no Reimei,8,8.0,437033,8.62,218
Made in Abyss: Retsujitsu no Ougonkyou,7,8.143,405404,8.65,219
Mahou Shoujo Madoka★Magica,5,8.0,1252013,8.36,220
Mahou Shoujo Madoka★Magica Movie 3: Hangyaku no Monogatari,2,8.0,367441,8.47,221
Mirai Nikki (TV),12,6.0,1968309,7.41,222
Mushoku Tensei: Isekai Ittara Honki Dasu - Eris no Goblin Toubatsu,4,7.25,152280,7.86,223
Naruto,16,6.125,2763501,7.99,224
Neon Genesis Evangelion,13,8.462,1753022,8.35,225
Neon Genesis Evangelion: The End of Evangelion,13,8.538,899024,8.55,226
Overlord,8,6.0,1537482,7.91,227
Paprika,8,7.25,522187,8.04,228
Perfect Blue,14,8.5,673775,8.54,229
School Days,10,4.3,651362,5.52,230
Sennen Joyuu,4,8.25,180048,8.25,231
Serial Experiments Lain,9,8.222,740105,8.09,232
Shadows House,2,7.5,236466,7.79,233
Shelter (Music),4,6.75,320251,8.31,234
Shiguang Dailiren,9,8.111,327011,8.69,235
Shiguang Dailiren Fan Wai Pian: Biwu Zhaoqin,6,7.0,35094,7.56,236
Shingeki no Kyojin OVA,8,5.875,449194,7.87,237
Shingeki no Kyojin: Kuinaki Sentaku,12,7.25,497173,8.41,238
Shingeki no Kyojin: Lost Girls,9,5.889,296800,7.81,239
Shingeki! Kyojin Chuugakkou,6,6.667,255472,7.20,240
Shoujo Shuumatsu Ryokou,3,7.667,328957,8.21,241
Sonny Boy,6,6.833,290969,7.78,242
Spy x Family Part 2,11,6.727,816473,8.29,243
Steins;Gate,16,9.062,2482331,9.07,244
Tenshi no Tamago,3,7.0,143762,7.71,245
The God of High School,7,4.714,877271,7.07,246
Tokyo Ghoul √A,14,5.357,1729723,7.02,247
Tokyo Ghoul:re,10,3.9,1143595,6.37,248
Tokyo Ghoul:re 2nd Season,9,3.778,847927,6.43,249
Tokyo Magnitude 8.0,1,5.0,292578,8.01,250
Violet Evergarden,15,8.067,1711106,8.67,251
Vivy: Fluorite Eye's Song,7,7.857,511920,8.41,252
Yagate Kimi ni Naru,1,7.0,328121,7.90,253
Yamada-kun to 7-nin no Majo,4,6.25,767833,7.55,254
Youjo Senki,5,7.6,885626,7.96,255
Ansatsu Kyoushitsu,12,6.333,1949073,8.09,256
Bleach,12,6.833,1896499,7.93,257
Bleach: Sennen Kessen-hen - Ketsubetsu-tan,2,8.0,192455,8.96,258
Jujutsu Kaisen 2nd Season,5,9.2,593284,8.82,259
Yuu☆Yuu☆Hakusho,3,7.0,665131,8.46,260
3-gatsu no Lion,4,8.25,661848,8.38,261
3-gatsu no Lion 2nd Season,4,9.25,389752,8.93,262
91 Days,8,7.75,700886,7.83,263
Akira,11,7.545,821511,8.16,264
Ano Hi Mita Hana no Namae wo Bokutachi wa Mada Shiranai. Movie,1,4.0,289573,7.84,265
Ao Ashi,4,7.25,192960,8.21,266
Ao no Exorcist,8,5.375,1876754,7.49,267
B-Legend! Battle B-Daman,1,5.0,13422,6.30,268
Baccano!,7,8.0,888597,8.36,269
Baccano! Specials,3,6.667,176719,8.09,270
Baki,6,6.5,400858,7.31,271
Bakugan Battle Brawlers,1,4.0,105179,6.43,272
Bakugan Battle Brawlers: Gundalian Invaders,1,4.0,47420,6.31,273
Bakugan Battle Brawlers: New Vestroia,1,4.0,65239,6.54,274
Bakuten Shoot Beyblade,1,5.0,110757,6.77,275
Bakuten Shoot Beyblade 2002,1,4.0,66598,6.71,276
Bakuten Shoot Beyblade G Revolution,1,5.0,47880,6.95,277
Ballroom e Youkoso,1,9.0,324094,8.18,278
Barakamon,3,7.333,647172,8.38,279
Beastars,4,7.0,825387,7.83,280
Beastars 2nd Season,1,9.0,423690,7.80,281
Berserk: Ougon Jidai-hen I - Haou no Tamago,4,7.0,222095,7.70,282
Berserk: Ougon Jidai-hen II - Doldrey Kouryaku,5,7.2,206994,7.87,283
Berserk: Ougon Jidai-hen III - Kourin,5,7.6,218074,8.20,284
Blue Lock,10,7.3,597487,8.31,285
Blue Period,2,5.0,440389,7.81,286
Boku no Hero Academia 6th Season,10,7.2,578139,8.34,287
Boku no Hero Academia the Movie 1: Futari no Hero,9,5.222,726815,7.55,288
Boku no Hero Academia the Movie 2: Heroes:Rising,9,6.0,549948,7.97,289
Boruto: Naruto Next Generations,8,4.375,840903,6.05,290
Boruto: Naruto the Movie,6,5.833,453902,7.39,291
Boruto: Naruto the Movie - Naruto ga Hokage ni Natta Hi,1,7.0,111220,7.33,292
Btooom!,7,6.571,841898,7.29,293
Cross Fight B-Daman,1,5.0,8273,6.54,294
Death Billiards,3,7.667,235171,7.88,295
Deca-Dence,3,7.0,293298,7.37,296
Devilman: Crybaby,12,6.167,1105792,7.75,297
Digimon Adventure,3,6.333,393480,7.77,298
Digimon Adventure Movie,1,7.0,111321,7.59,299
Digimon Adventure: Last Evolution Kizuna,1,8.0,41646,8.17,300
Dorohedoro,4,6.25,520810,8.05,301
Durarara!!,4,8.0,1376723,8.11,302
Enen no Shouboutai: Ni no Shou,6,7.0,733722,7.81,303
Fairy Tail,8,5.625,1699932,7.57,304
Fairy Tail (2014),6,5.833,968048,7.65,305
Fairy Tail Movie 2: Dragon Cry,3,5.333,185979,7.54,306
Fairy Tail: Final Series,5,5.0,489071,7.58,307
Gintama,8,8.875,1037596,8.94,308
Gintama Movie 1: Shinyaku Benizakura-hen,5,7.8,159655,8.52,309
Gintama Movie 2: Kanketsu-hen - Yorozuya yo Eien Nare,3,7.333,233251,8.91,310
Gintama',6,8.833,536571,9.04,311
Gintama': Enchousen,4,8.0,314591,9.03,312
Gintama.,3,6.667,303484,8.98,313
Gintama.: Porori-hen,3,6.333,194859,8.52,314
Gintama.: Shirogane no Tamashii-hen,2,7.5,204452,8.81,315
Gintama.: Shirogane no Tamashii-hen - Kouhan-sen,2,7.0,190146,8.88,316
Gintama: The Final,3,7.333,138528,9.04,317
Gintama: The Semi-Final,2,7.0,71886,8.47,318
Gintama°,4,8.25,607632,9.06,319
Gintama°: Aizome Kaori-hen,2,7.0,83029,8.39,320
Great Pretender,11,7.818,631006,8.22,321
Guilty Crown,2,4.0,1192534,7.41,322
Gyakkyou Burai Kaiji: Hakairoku-hen,2,9.0,188531,8.25,323
Haikyuu!! Riku vs. Kuu,3,6.0,288463,7.83,324
Hajime no Ippo,5,8.2,561928,8.76,325
Hajime no Ippo: New Challenger,2,7.5,273946,8.66,326
Inuyashiki,2,8.5,629241,7.64,327
Ishuzoku Reviewers,5,6.6,461291,7.42,328
Jigokuraku,13,7.0,571002,8.15,329
Josee to Tora to Sakana-tachi,2,5.5,397562,8.41,330
Juusen Battle Monsuno,1,4.0,8754,6.44,331
Kami no Tou,3,7.0,887593,7.55,332
Katekyou Hitman Reborn!,2,7.5,548268,8.13,333
Kaze ga Tsuyoku Fuiteiru,3,8.0,291056,8.39,334
Kaze Tachinu,1,9.0,321048,8.11,335
Kekkai Sensen,6,6.833,852939,7.60,336
Kekkai Sensen & Beyond,4,6.75,425357,7.79,337
Kill la Kill,8,7.25,1680183,8.04,338
Kill la Kill Specials,2,7.5,197283,7.68,339
Kimetsu no Yaiba: Katanakaji no Sato-hen,11,5.727,687590,8.31,340
Kino no Tabi: The Beautiful World,2,8.0,304622,8.29,341
Kishibe Rohan wa Ugokanai,3,7.667,144275,7.62,342
Kodai Ouja Kyouryuu King,1,3.0,25586,6.36,343
Kotonoha no Niwa,5,7.6,839775,7.89,344
Kurenai no Buta,3,7.333,239933,7.95,345
Kuroko no Basket,5,7.4,1172149,8.06,346
Kuroko no Basket 2nd Season,4,8.25,832692,8.22,347
Kuroko no Basket 3rd Season,4,8.25,740631,8.30,348
Kuroko no Basket Movie 4: Last Game,3,8.0,293856,8.08,349
Megalo Box,2,8.0,495866,7.88,350
Metal Fight Beyblade,2,4.0,90081,6.88,351
Metal Fight Beyblade 4D,1,5.0,46139,6.99,352
Metal Fight Beyblade: Baku,1,5.0,51799,6.97,353
Mob Psycho 100 III,12,7.833,607721,8.71,354
Mononoke Hime,8,7.5,1212041,8.67,355
Monster,15,8.933,1049089,8.87,356
Nana,3,8.667,634675,8.54,357
Naruto: Shippuuden,13,7.0,2394872,8.26,358
Naruto: Shippuuden Movie 6 - Road to Ninja,4,4.75,337877,7.68,359
NHK ni Youkoso!,6,7.833,721267,8.31,360
Nomad: Megalo Box 2,2,8.0,194184,8.19,361
One Outs,2,7.5,232039,8.33,362
Ousama Ranking,6,7.167,600385,8.53,363
Overlord II,6,5.833,984908,7.76,364
Overlord III,4,4.75,871339,7.92,365
Ping Pong the Animation,4,7.75,381398,8.62,366
Psycho-Pass,9,8.333,1591181,8.34,367
Pupa,2,1.5,184898,3.29,368
Radiant,2,6.0,206060,6.88,369
Redline,6,8.167,365470,8.28,370
Rurouni Kenshin: Meiji Kenkaku Romantan - Tsuioku-hen,4,8.25,271843,8.71,371
Saiki Kusuo no Ψ-nan: Ψ-shidou-hen,3,7.667,214051,8.11,372
Saiki Kusuo no Ψ-nan: Kanketsu-hen,3,7.667,210927,8.20,373
Sakamichi no Apollon,2,8.5,376595,8.31,374
Sakugan,1,4.0,98821,6.51,375
Shaman King,2,8.0,359296,7.75,376
Shigatsu wa Kimi no Uso,8,9.125,2144708,8.65,377
Shiguang Dailiren II,5,7.6,80179,8.37,378
Soul Eater,5,6.0,1585530,7.84,379
Spider Riders: Oracle no Yuusha-tachi,1,4.0,9443,6.56,380
Stranger: Mukou Hadan,5,7.2,325978,8.26,381
Suzume no Tojimari,2,6.0,271284,8.37,382
Tate no Yuusha no Nariagari,9,7.222,1526943,7.97,383
Tenki no Ko,10,6.2,953469,8.29,384
The Last: Naruto the Movie,6,6.167,588192,7.79,385
Toki wo Kakeru Shoujo,3,7.667,775875,8.11,386
Tokyo Godfathers,7,8.143,282365,8.27,387
Toradora!,8,7.625,2149245,8.08,388
Vinland Saga Season 2,15,8.933,507220,8.82,389
Violet Evergarden Movie,6,8.167,568677,8.89,390
Yu☆Gi☆Oh! 5D's,1,7.0,137964,7.44,391
Yu☆Gi☆Oh! Duel Monsters GX,1,6.0,211961,7.20,392
Yu☆Gi☆Oh! Movie: Chou Yuugou! Toki wo Koeta Kizuna,1,7.0,47877,7.13,393
Yu☆Gi☆Oh! Zexal,1,6.0,75716,6.41,394
Yu☆Gi☆Oh! Zexal Second,1,6.0,39267,6.89,395
Yuri!!! on Ice,1,6.0,862341,7.90,396
"Jitsu wa Ore, Saikyou deshita?",1,7.0,99189,6.50,397
Nanatsu no Maken ga Shihai suru,1,8.0,108247,6.68,398
Suki na Ko ga Megane wo Wasureta,1,6.0,148532,6.89,399
Another,11,5.727,1626208,7.48,400
B: The Beginning,1,8.0,338517,7.17,401
Bokura wa Minna Kawai-sou,1,7.0,377434,7.66,402
Clannad,6,7.167,1386500,8.00,403
Clannad: After Story,5,8.8,1164082,8.93,404
Claymore,8,6.75,658025,7.74,405
Dumbbell Nan Kilo Moteru?,5,7.2,382161,7.25,406
Durarara!!x2 Ketsu,2,9.0,371183,8.06,407
Durarara!!x2 Shou,2,9.0,473994,7.98,408
Durarara!!x2 Ten,2,9.0,387739,7.97,409
Fantasy Bishoujo Juniku Ojisan to,2,5.0,161636,7.15,410
Fullmetal Alchemist,6,6.833,1441125,8.11,411
GetBackers,1,8.0,120857,7.58,412
Gin no Saji,2,7.0,287396,8.09,413
Happy Sugar Life,3,6.667,292656,6.78,414
Inu x Boku SS,1,7.0,495753,7.38,415
"Isekai de Cheat Skill wo Te ni Shita Ore wa, Genjitsu Sekai wo mo Musou Suru: Level Up wa Jinsei wo Kaeta",6,4.167,247232,6.36,416
Isekai Shoukan wa Nidome desu,1,4.0,129789,5.67,417
Jidou Hanbaiki ni Umarekawatta Ore wa Meikyuu wo Samayou,3,3.333,93159,6.59,418
K,1,8.0,747105,7.43,419
K: Return of Kings,1,8.0,325352,7.56,420
Kaminaki Sekai no Kamisama Katsudou,3,5.333,150622,6.77,421
Kanojo mo Kanojo,6,6.167,344261,6.53,422
Karin,1,8.0,175971,7.11,423
Kengan Ashura,2,7.0,150432,7.45,424
Kengan Ashura Part 2,2,7.0,95292,7.68,425
Kenja no Mago,4,5.0,565311,6.62,426
Kotoura-san,2,6.5,331512,7.16,427
Level 1 dakedo Unique Skill de Saikyou desu,1,5.0,75206,6.28,428
Mahouka Koukou no Rettousei,5,5.2,1034934,7.40,429
Mahouka Koukou no Yuutousei,1,6.0,128059,6.66,430
Mahoutsukai no Yome,2,8.0,895040,8.06,431
Mamotte! Lollipop,1,6.0,25067,6.61,432
"Maou Gakuin no Futekigousha: Shijou Saikyou no Maou no Shiso, Tensei shite Shison-tachi no Gakkou e Kayou",5,6.4,757404,7.37,433
Nazo no Kanojo X,5,7.0,306916,7.24,434
Okashi na Tensei,1,8.0,56048,6.72,435
Robotics;Notes,1,6.0,175806,7.32,436
Rosario to Vampire,2,6.0,672289,6.75,437
Rosario to Vampire Capu2,2,6.0,411563,6.90,438
Saikyou Onmyouji no Isekai Tenseiki,1,7.0,174859,7.18,439
Sakura Trick,1,6.0,257044,6.96,440
Sankarea,2,7.0,602281,7.28,441
"Seija Musou: Salaryman, Isekai de Ikinokoru Tame ni Ayumu Michi",1,6.0,64015,7.04,442
Seto no Hanayome,1,10.0,322950,7.67,443
Shinigami Bocchan to Kuro Maid,3,7.333,226966,7.61,444
Shinigami Bocchan to Kuro Maid 2nd Season,1,8.0,63718,7.60,445
Tomo-chan wa Onnanoko!,7,7.857,340688,7.83,446
Tonari no Kaibutsu-kun,4,7.0,1052842,7.47,447
Tondemo Skill de Isekai Hourou Meshi,2,8.0,185801,7.68,448
Tonikaku Kawaii 2nd Season,2,8.5,220276,7.58,449
Watashi ga Motenai no wa Dou Kangaetemo Omaera ga Warui!,3,7.667,638964,6.99,450
Yamada-kun to Lv999 no Koi wo Suru,4,7.5,328692,7.84,451
Youjuu Toshi,4,6.0,53129,6.44,452
Yuusha ni Narenakatta Ore wa Shibushibu Shuushoku wo Ketsui Shimashita.,2,4.0,300837,6.82,453
Ousama Game The Animation,1,4.0,239526,5.06,454
Zom 100: Zombie ni Naru made ni Shitai 100 no Koto,5,7.6,363229,8.13,455
Kaguya-sama wa Kokurasetai: First Kiss wa Owaranai,4,8.0,210775,8.83,456
Kaguya-sama wa Kokurasetai? Tensai-tachi no Renai Zunousen OVA,3,5.0,223638,7.58,457
Kuzu no Honkai,3,6.333,669170,7.13,458
Nekomonogatari: Kuro,7,6.857,542538,7.93,459
Nisemonogatari,7,7.571,718138,8.14,460
Shuumatsu no Walküre,5,5.4,289940,6.76,461
Shuumatsu no Walküre II,2,8.0,97864,7.52,462
Shuumatsu no Walküre II Part 2,2,7.5,48862,7.57,463
Tengoku Daimakyou,7,7.0,378523,8.22,464
Watashi no Shiawase na Kekkon,3,5.667,193831,8.01,465
"""Oshi no Ko""",6,6.833,662466,8.77,466
Summertime Render,6,6.833,472734,8.50,467
Youkoso Jitsuryoku Shijou Shugi no Kyoushitsu e 2nd Season,11,6.909,552427,8.13,468
Aharen-san wa Hakarenai,4,6.0,314300,7.31,469
Araburu Kisetsu no Otome-domo yo.,3,6.667,328411,7.33,470
Asobi ni Iku yo!,1,5.0,198303,6.58,471
Asobi ni Iku yo!: Asobi ni Oide,1,6.0,47108,6.74,472
BNA,1,8.0,354037,7.35,473
Boku no Hero Academia (ONA),2,5.5,39625,6.82,474
Boku no Hero Academia the Movie 1: Futari no Hero Specials,1,5.0,129759,7.36,475
Boku no Hero Academia: Ikinokore! Kesshi no Survival Kunren,1,5.0,171573,7.16,476
Boku no Hero Academia: Sukue! Kyuujo Kunren!,3,4.667,176888,7.23,477
Boku no Hero Academia: Training of the Dead,3,4.0,195027,7.22,478
Burn the Witch,3,5.667,226238,7.11,479
Dead Leaves,1,5.0,91772,7.21,480
Futoku no Guild,4,6.75,95880,6.57,481
Ganbare Douki-chan,1,7.0,103847,6.53,482
Gokushufudou,6,6.5,397830,7.23,483
Henkei Shoujo,2,8.0,28008,5.71,484
Hunter x Hunter Movie 1: Phantom Rouge,3,6.0,193580,7.27,485
Hunter x Hunter Movie 2: The Last Mission,3,6.0,174770,7.28,486
Hyouken no Majutsushi ga Sekai wo Suberu,2,5.5,138796,6.36,487
Ichigo Mashimaro,1,8.0,104587,7.63,488
Id:Invaded,2,7.5,353835,7.83,489
"Ijiranaide, Nagatoro-san 2nd Attack",6,6.0,257156,7.51,490
Inu ni Nattara Suki na Hito ni Hirowareta.,5,1.0,105260,5.10,491
Isekai Maou to Shoukan Shoujo no Dorei Majutsu,4,5.0,700239,6.86,492
Isekai Maou to Shoukan Shoujo no Dorei Majutsu Ω,4,4.5,392512,6.72,493
Isekai Ojisan,5,7.6,317141,7.82,494
Kobayashi-san Chi no Maid Dragon,7,7.143,1200057,7.96,495
"Kobayashi-san Chi no Maid Dragon: Valentine, Soshite Onsen! - Amari Kitai Shinaide Kudasai",3,6.0,210195,7.72,496
Kobayashi-san Chi no OO Dragon,3,5.667,100531,7.24,497
Kono Bijutsu-bu ni wa Mondai ga Aru!,1,6.0,298144,7.18,498
Kono Subarashii Sekai ni Bakuen wo!,7,6.143,277576,7.50,499
Kono Subarashii Sekai ni Shukufuku wo! 2: Kono Subarashii Geijutsu ni Shukufuku wo!,4,7.5,357747,8.03,500
Kono Subarashii Sekai ni Shukufuku wo! Kono Subarashii Choker ni Shukufuku wo!,4,6.0,392259,7.84,501
Lv1 Maou to One Room Yuusha,2,6.5,49791,7.24,502
Lycoris Recoil,4,6.25,447440,8.19,503
Mahou Shoujo Magical Destroyers,2,5.0,64024,6.34,504
Majo no Tabitabi,2,8.0,381102,7.55,505
Maken-Ki!,3,5.0,287207,6.32,506
Mob Psycho 100: Dai Ikkai Rei toka Soudansho Ian Ryokou - Kokoro Mitasu Iyashi no Tabi,4,7.0,101027,7.64,507
Mob Psycho 100: Reigen - Shirarezaru Kiseki no Reinouryokusha,4,6.25,97823,7.37,508
Mushoku Tensei II: Isekai Ittara Honki Dasu,5,7.6,398828,8.44,509
Mushoku Tensei II: Isekai Ittara Honki Dasu - Shugo Jutsushi Fitz,4,6.0,115494,7.50,510
Nanatsu no Taizai Movie 1: Tenkuu no Torawarebito,4,5.5,291880,7.11,511
Nanatsu no Taizai OVA,3,5.333,186181,7.50,512
Nekojiru-sou,5,5.6,77610,7.32,513
One Piece Movie 01,1,5.0,129054,7.09,514
One Punch Man 2nd Season Specials,3,5.0,126068,7.39,515
One Punch Man Specials,4,5.25,312406,7.70,516
One Punch Man: Road to Hero,3,4.333,317117,7.70,517
Ongaku,1,2.0,11566,7.58,518
Oniichan wa Oshimai!,2,7.5,128453,7.70,519
Panty & Stocking with Garterbelt,4,7.0,383119,7.72,520
Peter Grill to Kenja no Jikan,2,3.5,197777,5.52,521
Poputepipikku,2,4.5,219433,7.28,522
Promare,2,8.0,270825,7.93,523
Punch Line,1,7.0,229962,6.91,524
Puparia,4,7.25,47666,7.62,525
Rakudai Kishi no Cavalry,2,5.0,923684,7.44,526
Re:Zero kara Hajimeru Isekai Seikatsu - Hyouketsu no Kizuna,2,7.5,249361,7.60,527
Re:Zero kara Hajimeru Isekai Seikatsu - Memory Snow,1,8.0,284350,7.57,528
Renai Flops,2,4.5,122881,6.71,529
Steins;Gate Movie: Fuka Ryouiki no Déjà vu,8,6.375,579640,8.45,530
Steins;Gate: Oukoubakko no Poriomania,7,8.0,428914,8.29,531
Tensei shitara Ken deshita,4,5.75,244115,7.54,532
Tensei shitara Slime Datta Ken 2nd Season: Kanwa - Veldora Nikki 2,1,5.0,51223,7.14,533
Tensei shitara Slime Datta Ken Movie: Guren no Kizuna-hen,2,6.0,174831,7.64,534
Tensei shitara Slime Datta Ken OVA,2,6.0,220688,7.49,535
Tensei shitara Slime Datta Ken: Kanwa - Veldora Nikki,1,5.0,117259,6.72,536
Tribe Nine,1,7.0,44004,6.08,537
Trigun Stampede,4,6.25,156032,7.84,538
Uchuu Patrol Luluco,2,4.5,149171,7.54,539
Uramichi Oniisan,2,8.5,217233,7.70,540
"Violet Evergarden: Kitto ""Ai"" wo Shiru Hi ga Kuru no Darou",3,6.333,317491,8.33,541
Wonder Egg Priority,7,6.714,725695,7.61,542
Wonder Egg Priority: Watashi no Priority,4,5.25,141475,5.12,543
Yofukashi no Uta,10,6.5,537502,7.99,544
Yuragi-sou no Yuuna-san,4,4.5,292973,7.00,545
"Yuusha, Yamemasu",1,6.0,276172,7.03,546
"Yuusha, Yamemasu: Kenshuu Ryokou wa Mokuteki wo Miushinau na",1,5.0,28735,6.53,547
Asobi Asobase,3,7.333,460608,8.19,548
Buddy Daddies,3,6.667,231375,8.15,549
Chuunibyou demo Koi ga Shitai!,4,6.0,1322416,7.71,550
Dark Gathering,2,5.0,86518,7.37,551
Gakkou no Kaidan,4,7.5,202214,7.74,552
Jashin-chan Dropkick,1,5.0,119538,7.03,553
Kuma Kuma Kuma Bear,1,6.0,153682,7.23,554
Ningen Fushin no Boukensha-tachi ga Sekai wo Sukuu you desu,2,6.0,146900,6.33,555
Concrete Revolutio: Choujin Gensou,1,3.0,88142,6.66,556
Trigun,5,5.8,739526,8.22,557
Xian Wang de Richang Shenghuo,6,4.667,306478,7.33,558
Aho Girl,4,5.5,483700,6.74,559
Ai no Utagoe wo Kikasete,1,8.0,90320,7.73,560
Air,1,7.0,294692,7.28,561
Akagami no Shirayuki-hime,3,7.0,655189,7.76,562
Akagami no Shirayuki-hime 2nd Season,2,8.5,349796,7.97,563
Akage no Anne,1,6.0,31768,7.78,564
Akatsuki no Yona,4,7.0,829138,8.03,565
Akebi-chan no Sailor-fuku,1,8.0,174122,7.69,566
Akkun to Kanojo,3,6.0,174627,6.83,567
Aldnoah.Zero,2,6.5,505649,7.39,568
Aldnoah.Zero Part 2,1,4.0,306094,6.92,569
Amagami SS,1,6.0,373493,7.29,570
Amagami SS+ Plus,1,6.0,166045,7.39,571
Amagi Brilliant Park,2,6.0,643305,7.46,572
Anne Happy♪,1,6.0,77820,6.95,573
Ansatsu Kyoushitsu 2nd Season,5,6.6,1384944,8.49,574
Ao no Exorcist: Kyoto Fujouou-hen,3,5.0,738138,7.35,575
Arifureta Shokugyou de Sekai Saikyou,4,4.5,668076,6.70,576
Arifureta Shokugyou de Sekai Saikyou 2nd Season,3,5.667,356638,7.18,577
Arte,1,7.0,126416,7.19,578
Assassins Pride,1,3.0,334145,5.93,579
Azumanga Daiou The Animation,3,6.667,338348,8.00,580
Bastard!! Ankoku no Hakaishin (ONA),1,4.0,63554,6.63,581
Ben-To,1,6.0,322719,7.20,582
"Benriya Saitou-san, Isekai ni Iku",1,7.0,141233,7.45,583
Berserk,5,3.2,350422,6.31,584
Berserk 2nd Season,3,3.0,178694,6.56,585
Berserk: Ougon Jidai-hen - Memorial Edition,2,6.0,35372,7.86,586
Black Lagoon,8,7.5,977018,8.03,587
Black Lagoon: Roberta's Blood Trail,6,7.333,290572,8.02,588
Black Lagoon: The Second Barrage,7,7.0,505229,8.17,589
Bleach Movie 1: Memories of Nobody,3,4.0,273878,7.43,590
Bleach Movie 2: The DiamondDust Rebellion - Mou Hitotsu no Hyourinmaru,3,4.333,242463,7.43,591
Bleach Movie 3: Fade to Black - Kimi no Na wo Yobu,3,4.667,230334,7.50,592
Bleach Movie 4: Jigoku-hen,4,5.25,209091,7.62,593
Blend S,3,6.333,644409,7.27,594
Blue Dragon,1,5.0,53510,6.38,595
Blue Dragon: Tenkai no Shichi Ryuu,1,6.0,17602,6.53,596
Boku no Kanojo ga Majimesugiru Sho-bitch na Ken,3,5.333,270203,6.23,597
Boku no Kokoro no Yabai Yatsu,3,7.333,204473,8.26,598
Bokutachi wa Benkyou ga Dekinai,1,6.0,426691,7.28,599
Bokutachi wa Benkyou ga Dekinai!,1,6.0,290445,7.34,600
Canaan,2,6.0,226369,7.22,601
Carnival Phantasm,1,6.0,193777,7.87,602
Carole & Tuesday,2,8.5,319823,7.86,603
Carole & Tuesday Specials,1,5.0,6103,5.79,604
Carole & Tuesday: Gus to Roddy no Kaisouroku,1,6.0,5055,6.54,605
Chika Gentou Gekiga: Shoujo Tsubaki,6,2.0,62518,4.74,606
Chio-chan no Tsuugakuro,1,7.0,117110,7.45,607
Citrus,4,3.5,503765,6.45,608
"Clannad: After Story - Mou Hitotsu no Sekai, Kyou-hen",1,7.0,260262,7.78,609
"Clannad: Mou Hitotsu no Sekai, Tomoyo-hen",1,7.0,301272,7.93,610
Code Geass: Fukkatsu no Lelouch,4,7.0,305723,7.91,611
Cop Craft,1,2.0,115773,6.71,612
Corpse Party: Tortured Souls - Bougyakusareta Tamashii no Jukyou,2,3.5,372807,6.43,613
D-Frag!,2,6.5,384813,7.51,614
Dagashi Kashi,2,6.5,446527,6.61,615
Dagashi Kashi 2,2,6.5,164482,6.83,616
Darker than Black: Kuro no Keiyakusha,4,6.25,928060,8.06,617
Darker than Black: Kuro no Keiyakusha - Sakura no Hana no Mankai no Shita,1,6.0,138755,7.54,618
Darker than Black: Kuro no Keiyakusha Gaiden,1,8.0,253908,7.92,619
Darker than Black: Ryuusei no Gemini,2,4.5,406353,7.43,620
Darwin's Game,5,5.4,537102,7.23,621
Date A Bullet: Dead or Bullet,1,4.0,102252,7.57,622
Date A Bullet: Nightmare or Queen,1,4.0,68657,7.64,623
Date A Live,3,6.333,1004352,7.16,624
Date A Live II,2,5.5,621805,7.19,625
Date A Live III,2,5.5,379269,7.19,626
Deaimon,1,8.0,91225,7.56,627
Death March kara Hajimaru Isekai Kyousoukyoku,3,3.667,489933,6.45,628
Demi-chan wa Kataritai,2,6.5,407408,7.54,629
Detective Conan Movie 01: The Timed Skyscraper,1,7.0,70077,7.86,630
Detective Conan Movie 02: The Fourteenth Target,1,7.0,62343,7.88,631
Detective Conan Movie 03: The Last Wizard of the Century,1,7.0,64355,8.03,632
Detective Conan Movie 04: Captured in Her Eyes,1,7.0,60738,8.03,633
Detective Conan Movie 05: Countdown to Heaven,1,7.0,61933,8.12,634
Detective Conan Movie 06: The Phantom of Baker Street,1,8.0,75840,8.30,635
Detective Conan Movie 07: Crossroad in the Ancient Capital,1,7.0,50653,7.80,636
Detective Conan Movie 08: Magician of the Silver Sky,1,7.0,55164,8.06,637
Do It Yourself!!,1,7.0,100351,7.46,638
Doraemon (1979),2,5.0,61015,7.81,639
Dr. Stone: New World,7,7.0,394903,8.16,640
Drifters,3,8.333,552485,7.89,641
Dungeon ni Deai wo Motomeru no wa Machigatteiru Darou ka,3,7.0,1484659,7.54,642
Dungeon ni Deai wo Motomeru no wa Machigatteiru Darou ka Gaiden: Sword Oratoria,1,6.0,440065,7.07,643
Dungeon ni Deai wo Motomeru no wa Machigatteiru Darou ka II,3,6.0,788299,7.24,644
Dungeon ni Deai wo Motomeru no wa Machigatteiru Darou ka III,2,7.0,571478,7.46,645
Dungeon ni Deai wo Motomeru no wa Machigatteiru Darou ka IV: Fuka Shou - Yakusai-hen,1,7.0,182721,8.24,646
Dungeon ni Deai wo Motomeru no wa Machigatteiru Darou ka IV: Shin Shou - Meikyuu-hen,1,7.0,307484,7.72,647
Dungeon ni Deai wo Motomeru no wa Machigatteiru Darou ka Movie: Orion no Ya,1,7.0,208257,7.44,648
Edomae Elf,1,8.0,50548,7.30,649
"Eiyuuou, Bu wo Kiwameru Tame Tenseisu: Soshite, Sekai Saikyou no Minarai Kishi♀",1,6.0,127374,6.57,650
Eizouken ni wa Te wo Dasu na!,1,7.0,324796,8.13,651
Emiya-san Chi no Kyou no Gohan,1,7.0,127638,7.79,652
Eromanga-sensei,3,5.333,704269,6.35,653
Euphoria,1,1.0,80983,5.85,654
Eyeshield 21,1,8.0,179650,7.92,655
Fate/Apocrypha,1,7.0,466264,7.19,656
Fate/Grand Carnival,1,7.0,52185,7.78,657
Fate/Grand Order: First Order,1,5.0,212961,6.73,658
Fate/Grand Order: Moonlight/Lostroom,1,6.0,57394,6.31,659
Fate/Grand Order: Shinsei Entaku Ryouiki Camelot 1 - Wandering; Agateram,1,6.0,85238,6.86,660
Fate/Grand Order: Shinsei Entaku Ryouiki Camelot 2 - Paladin; Agateram,1,7.0,69662,7.59,661
Fate/Grand Order: Shuukyoku Tokuiten - Kani Jikan Shinden Solomon,1,7.0,70919,7.78,662
Fate/Grand Order: Zettai Majuu Sensen Babylonia,1,8.0,271457,7.94,663
Fate/Grand Order: Zettai Majuu Sensen Babylonia - Initium Iter,1,6.0,67331,7.15,664
Fate/Prototype,1,6.0,110780,6.64,665
Fate/stay night,4,5.0,924292,7.28,666
Fate/strange Fake PV,1,7.0,9771,6.66,667
Fate/strange Fake: Whispers of Dawn,1,8.0,64259,8.24,668
Full Metal Panic!,1,7.0,487678,7.60,669
Full Metal Panic! Invisible Victory,2,6.5,96314,7.58,670
Full Metal Panic! The Second Raid,2,7.5,257310,7.92,671
Full Metal Panic? Fumoffu,1,8.0,291728,8.03,672
Fullmetal Alchemist: The Conqueror of Shamballa,1,6.0,325033,7.51,673
Fullmetal Alchemist: The Sacred Star of Milos,3,6.333,182818,7.26,674
Fumetsu no Anata e Season 2,2,8.0,255421,8.08,675
Gabriel DropOut,1,7.0,447177,7.44,676
Gamers!,5,4.6,636467,6.76,677
Gangsta.,2,5.0,565383,7.41,678
Gantz,4,4.75,351658,6.99,679
Gantz 2nd Stage,3,5.0,159814,7.03,680
"Gate: Jieitai Kanochi nite, Kaku Tatakaeri",3,5.333,784491,7.69,681
"Gate: Jieitai Kanochi nite, Kaku Tatakaeri Part 2",1,8.0,539694,7.72,682
Gibiate,1,1.0,66338,3.81,683
Gin no Saji 2nd Season,1,8.0,142835,8.27,684
Ginga Eiyuu Densetsu,1,10.0,310496,9.02,685
Ginga Eiyuu Densetsu: Die Neue These - Gekitotsu,1,9.0,19534,8.29,686
Ginga Eiyuu Densetsu: Die Neue These - Kaikou,1,8.0,82951,7.77,687
Ginga Eiyuu Densetsu: Die Neue These - Sakubou,1,9.0,12462,8.27,688
Ginga Eiyuu Densetsu: Die Neue These - Seiran 1,1,8.0,28069,8.04,689
Ginga Eiyuu Densetsu: Die Neue These - Seiran 2,1,8.0,24156,8.15,690
Ginga Eiyuu Densetsu: Die Neue These - Seiran 3,1,8.0,24918,8.26,691
Gleipnir,3,4.333,472175,6.99,692
Goblin Slayer: Goblin's Crown,2,6.5,259015,7.27,693
God Eater,2,5.5,536805,7.20,694
Golden Kamuy 2nd Season,2,8.5,195173,8.24,695
Golden Kamuy 3rd Season,2,8.5,159244,8.45,696
Gunnm,2,7.0,59334,7.07,697
Hai to Gensou no Grimgar,3,7.333,713665,7.65,698
Hajimete no Gal,2,4.0,525753,6.28,699
Hakozume: Kouban Joshi no Gyakushuu,1,7.0,51601,7.18,700
Hanoka,1,1.0,5026,3.34,701
Hataraku Saibou,3,6.0,632639,7.55,702
Hataraku Saibou Black,2,6.5,218178,7.52,703
Hataraku Saibou!!,1,6.0,262640,7.36,704
Heion Sedai no Idaten-tachi,5,7.4,181133,7.64,705
Hellsing,5,7.0,705978,7.49,706
High Score Girl,2,7.5,251107,7.77,707
High Score Girl II,2,6.5,132555,7.97,708
High Score Girl: Extra Stage,1,8.0,72320,7.97,709
Highschool of the Dead,11,6.273,1471963,7.07,710
Higurashi no Naku Koro ni Gou,2,7.0,267173,7.20,711
Higurashi no Naku Koro ni Sotsu,2,4.0,107280,6.73,712
Himegoto,1,5.0,121621,5.89,713
Himouto! Umaru-chan R,3,4.667,250623,7.32,714
Himouto! Umaru-chanS,2,4.0,78154,7.02,715
Hinamatsuri (TV),2,5.0,495775,8.14,716
Hitoribocchi no Marumaru Seikatsu,1,7.0,213419,7.48,717
Honzuki no Gekokujou: Shisho ni Naru Tame ni wa Shudan wo Erandeiraremasen,2,6.5,291161,7.99,718
Honzuki no Gekokujou: Shisho ni Naru Tame ni wa Shudan wo Erandeiraremasen 2nd Season,2,6.5,199506,8.10,719
Honzuki no Gekokujou: Shisho ni Naru Tame ni wa Shudan wo Erandeiraremasen 3rd Season,1,7.0,142632,8.07,720
Honzuki no Gekokujou: Shisho ni Naru Tame ni wa Shudan wo Erandeiraremasen Recap,1,6.0,6517,6.92,721
Hunter x Hunter,5,6.8,573496,8.41,722
Hyakuren no Haou to Seiyaku no Valkyria,1,5.0,187833,5.69,723
Hyouka,5,6.4,1335480,8.07,724
Ibara no Ou,1,6.0,74124,6.89,725
Ichiban Ushiro no Daimaou,1,5.0,516175,6.74,726
Idol,1,8.0,23271,8.82,727
IS: Infinite Stratos,1,4.0,627753,6.63,728
IS: Infinite Stratos 2,1,3.0,385276,6.46,729
Isekai Quartet,1,7.0,376251,7.39,730
Isekai Quartet 2,1,7.0,228424,7.36,731
Isekai Quartet Movie: Another World,1,6.0,78094,7.48,732
Isekai wa Smartphone to Tomo ni.,2,3.0,542410,6.14,733
Itai no wa Iya nanode Bougyoryoku ni Kyokufuri Shitai to Omoimasu.,4,6.25,511228,7.54,734
Itou Junji: Collection,2,6.5,170023,6.48,735
Itou Junji: Collection - Tomie,1,4.0,38591,6.28,736
Iya na Kao sare nagara Opantsu Misete Moraitai,2,3.5,93033,5.73,737
Jahy-sama wa Kujikenai!,1,6.0,238590,7.04,738
Jigoku Shoujo,2,6.5,351763,7.61,739
Jigoku Shoujo Futakomori,1,8.0,158789,7.88,740
Jigoku Shoujo Mitsuganae,1,8.0,101238,7.61,741
Jigoku Shoujo: Yoi no Togi,2,6.0,59289,6.60,742
JoJo no Kimyou na Bouken,1,6.0,124407,7.45,743
JoJo no Kimyou na Bouken Part 5: Ougon no Kaze Recaps,1,6.0,47076,7.17,744
Jormungand,2,8.0,353599,7.80,745
Jormungand: Perfect Order,2,7.5,187961,7.90,746
Joshikousei no Mudazukai,1,7.0,117716,7.71,747
Journey: Taiko Arabia Hantou de no Kiseki to Tatakai no Monogatari,1,6.0,12690,7.36,748
K-On! Movie,1,9.0,321365,8.35,749
K-On!!,2,7.0,677847,8.17,750
Kage no Jitsuryokusha ni Naritakute!,6,6.167,525774,8.31,751
Kagejitsu!,1,7.0,11987,7.08,752
Kaichou wa Maid-sama!,3,8.0,1217943,8.01,753
Kakegurui××,5,4.8,751140,7.20,754
Kami nomi zo Shiru Sekai,4,6.75,616914,7.66,755
Kami nomi zo Shiru Sekai II,2,7.5,384055,7.88,756
Kami nomi zo Shiru Sekai: 4-nin to Idol,1,6.0,105455,7.29,757
Kami nomi zo Shiru Sekai: Flag 0,1,5.0,63935,6.89,758
Kami nomi zo Shiru Sekai: Megami-hen,1,8.0,339187,8.00,759
Kami nomi zo Shiru Sekai: Tenri-hen,1,6.0,134783,7.67,760
Kara no Kyoukai Movie 6: Boukyaku Rokuon,4,5.75,188383,7.45,761
Kara no Kyoukai Movie 7: Satsujin Kousatsu (Go),3,7.667,202759,8.39,762
Kara no Kyoukai Remix: Gate of Seventh Heaven,1,6.0,47099,7.54,763
Karakai Jouzu no Takagi-san,3,7.333,575078,7.70,764
Karakai Jouzu no Takagi-san 2,3,7.333,322097,8.05,765
Karakuri Circus,1,6.0,127755,7.15,766
Kareshi Kanojo no Jijou,2,6.0,224090,7.59,767
Kawaii dake ja Nai Shikimori-san,3,4.667,493828,6.92,768
Kämpfer,2,4.5,283699,6.37,769
Kemono Jihen,2,5.5,360350,7.39,770
Kenja no Deshi wo Nanoru Kenja,1,3.0,115186,6.32,771
Keppeki Danshi! Aoyama-kun,3,5.667,188131,6.96,772
Kidou Senshi Gundam,1,8.0,129258,7.77,773
Kidou Senshi Gundam 0080: Pocket no Naka no Sensou,1,8.0,58220,7.97,774
Kidou Senshi Gundam 0083: Stardust Memory,1,7.0,43549,7.24,775
Kidou Senshi Gundam Thunderbolt,1,8.0,54267,7.94,776
Kidou Senshi Gundam: Dai 08 MS Shoutai,1,8.0,81260,8.01,777
Kidou Senshi Gundam: Suisei no Majo,1,8.0,137982,7.89,778
Kidou Senshi Gundam: Suisei no Majo - Prologue,1,8.0,41513,7.87,779
Kidou Senshi Gundam: Suisei no Majo Season 2,1,8.0,74872,7.98,780
Kidou Senshi Gundam: Tekketsu no Orphans,1,8.0,234942,8.05,781
Kidou Senshi Gundam: Tekketsu no Orphans 2nd Season,1,9.0,138744,8.23,782
Kidou Senshi Gundam: The Origin,1,10.0,71075,8.33,783
Kidou Senshi Zeta Gundam,1,8.0,72312,7.90,784
Killing Bites,1,4.0,185255,6.56,785
Kimi ga Suki. The Animation,1,6.0,10203,6.76,786
Kimi wa Houkago Insomnia,2,6.5,176236,8.08,787
Kingdom,1,7.0,208113,7.92,788
Kingdom 2nd Season,1,7.0,120125,8.32,789
Kingdom 4th Season,1,8.0,56530,8.74,790
Kino no Tabi: The Beautiful World - The Animated Series,4,5.75,200305,7.60,791
Kobayashi-san Chi no Maid Dragon S,5,7.4,531988,8.29,792
Koi wa Ameagari no You ni,2,7.5,292838,7.49,793
Kokkoku,1,7.0,182297,6.99,794
Kokoro Connect,1,8.0,816768,7.74,795
Konnichiwa Anne: Before Green Gables,1,7.0,7387,7.60,796
Kono Yo no Hate de Koi wo Utau Shoujo YU-NO,1,3.0,153731,6.58,797
Koutetsujou no Kabaneri,2,7.5,792884,7.27,798
Koutetsujou no Kabaneri Movie 1: Tsudou Hikari,1,6.0,50260,7.55,799
Koutetsujou no Kabaneri Movie 2: Moeru Inochi,1,6.0,49101,7.56,800
Koutetsujou no Kabaneri Movie 3: Unato Kessen,1,7.0,127653,7.69,801
Kumichou Musume to Sewagakari,2,6.0,202272,7.77,802
"Kumo desu ga, Nani ka?",1,6.0,412958,7.45,803
Kuroshitsuji,2,5.0,1152290,7.66,804
Kuroshitsuji II,2,2.5,554708,7.14,805
Kuroshitsuji Movie: Book of the Atlantic,2,5.5,189862,8.25,806
Kuroshitsuji: Book of Circus,2,5.5,393570,8.07,807
Kuroshitsuji: Book of Murder,2,5.0,239873,8.06,808
Kyokou Suiri,3,5.0,455765,6.91,809
Kyokou Suiri Season 2,1,7.0,143324,7.35,810
Ladyspo,1,1.0,4319,3.09,811
Leadale no Daichi nite,1,6.0,149646,6.94,812
Little Witch Academia,2,5.0,307306,7.80,813
Little Witch Academia (TV),2,8.0,626977,7.81,814
Little Witch Academia: Mahoujikake no Parade,1,7.0,167937,7.75,815
Log Horizon,4,7.0,1093243,7.92,816
Log Horizon 2nd Season,1,7.0,600818,7.57,817
Log Horizon: Entaku Houkai,1,4.0,234542,7.06,818
Lord El-Melloi II Sei no Jikenbo: Rail Zeppelin Grace Note,2,6.5,148271,7.38,819
Lord El-Melloi II Sei no Jikenbo: Rail Zeppelin Grace Note Special,1,6.0,24551,7.52,820
Love Live! Superstar!!,1,7.0,66300,7.96,821
Lovely★Complex,1,8.0,573221,8.03,822
Lucky☆Star,3,7.667,636911,7.74,823
Lupin the IIIrd: Chikemuri no Ishikawa Goemon,1,7.0,38709,7.86,824
Madan no Ou to Vanadis,1,7.0,349064,7.11,825
Made in Abyss Movie 1: Tabidachi no Yoake,2,6.5,122251,8.16,826
Made in Abyss Movie 2: Hourou Suru Tasogare,2,6.5,128732,8.37,827
Magi: Sinbad no Bouken (TV),1,8.0,469448,7.84,828
Magi: The Kingdom of Magic,2,8.0,823641,8.21,829
Magi: The Labyrinth of Magic,3,7.333,1019977,8.01,830
Magic Kaito 1412,1,6.0,121503,7.86,831
Mahou Shoujo Madoka★Magica Movie 1: Hajimari no Monogatari,2,6.5,194936,8.21,832
Mahou Shoujo Madoka★Magica Movie 2: Eien no Monogatari,2,6.5,197912,8.37,833
Mahou Shoujo Tokushusen Asuka,1,4.0,82217,6.33,834
Mahouka Koukou no Rettousei: Raihousha-hen,1,6.0,338577,7.28,835
Mahoutsukai no Yome Season 2,1,8.0,154032,7.74,836
Mahoutsukai no Yome: Nishi no Shounen to Seiran no Kishi,1,6.0,69009,7.56,837
Mairimashita! Iruma-kun,3,6.0,463353,7.75,838
Mairimashita! Iruma-kun 2nd Season,2,7.0,300673,8.05,839
Mairimashita! Iruma-kun 3rd Season,2,6.5,171762,7.81,840
Manga de Wakaru! Fate/Grand Order,1,6.0,17787,7.63,841
Mashle,7,6.857,377023,7.56,842
Massara,1,7.0,2210,6.90,843
Mayo Chiki!,1,5.0,485076,7.23,844
Memories,3,8.0,127430,7.71,845
Mieruko-chan,4,6.75,468314,7.42,846
Mikakunin de Shinkoukei,1,8.0,387289,7.37,847
Mini Dragon,3,6.0,58571,7.35,848
Miru Tights,1,7.0,120929,6.44,849
Monster Musume no Iru Nichijou,3,4.667,733000,6.96,850
Monster Musume no Oishasan,1,7.0,208834,6.52,851
Motto To LOVE-Ru,1,6.0,327658,7.27,852
Munou na Nana,1,6.0,317461,7.18,853
Musaigen no Phantom World,2,4.5,531432,6.86,854
My Home Hero,2,7.5,114039,7.05,855
Nanatsu no Taizai: Seisen no Shirushi,4,3.0,699002,6.97,856
Nande Koko ni Sensei ga!?,3,5.333,339580,6.51,857
Netoge no Yome wa Onnanoko ja Nai to Omotta?,2,5.0,527988,6.70,858
Nichijou,3,8.667,867714,8.46,859
Ninja Collection,1,2.0,16468,3.77,860
Nisekoi,2,6.5,1144335,7.57,861
Nisekoi OVA,1,6.0,163715,7.36,862
Nisekoi:,2,5.5,680876,7.35,863
Nisekoi: OVA,1,6.0,96257,7.05,864
No Game No Life: Zero,2,6.0,844803,8.19,865
No Guns Life,1,4.0,190123,6.86,866
No Guns Life 2nd Season,1,7.0,78290,7.08,867
Noblesse,2,5.5,281051,6.89,868
Noblesse: Awakening,1,7.0,117729,7.38,869
Noblesse: Pamyeol-ui Sijak,1,6.0,53597,7.24,870
Nokemono-tachi no Yoru,1,3.0,37427,6.59,871
Non Non Biyori,1,8.0,417107,7.94,872
Non Non Biyori Nonstop,1,9.0,118867,8.37,873
Non Non Biyori Repeat,1,8.0,195792,8.18,874
Nozoki Ana,1,6.0,53179,6.45,875
On Your Mark,1,6.0,36876,7.46,876
One Piece Film: Red,3,7.0,146477,7.84,877
Oniichan dakedo Ai sae Areba Kankeinai yo ne!,2,3.0,297855,6.44,878
Ookami Kodomo no Ame to Yuki,3,8.0,794065,8.57,879
Ookami to Koushinryou,2,8.5,796504,8.22,880
Ookami to Koushinryou II,2,8.0,480986,8.31,881
Ore no Imouto ga Konnani Kawaii Wake ga Nai,4,5.0,674428,6.96,882
Ore no Imouto ga Konnani Kawaii Wake ga Nai.,3,4.333,429082,6.92,883
Ore no Kanojo to Osananajimi ga Shuraba Sugiru,2,5.5,543022,6.92,884
Ore wo Suki nano wa Omae dake ka yo,4,6.25,443596,7.31,885
Oshiete! Galko-chan,1,5.0,177197,7.03,886
Otome Game no Hametsu Flag shika Nai Akuyaku Reijou ni Tensei shiteshimatta...,1,5.0,430518,7.47,887
Outbreak Company,1,6.0,353725,7.19,888
Overlord IV,3,5.333,481489,8.09,889
Overlord: Ple Ple Pleiades,1,6.0,79316,6.96,890
Overlord: Ple Ple Pleiades 2,1,6.0,39061,6.83,891
Overlord: Ple Ple Pleiades 3,1,6.0,30386,6.81,892
Overlord: Ple Ple Pleiades 4,1,6.0,13484,6.68,893
Paripi Koumei,1,8.0,274436,8.16,894
Peter Pan no Bouken,1,7.0,4714,6.78,895
Plunderer,2,5.5,409044,6.63,896
Princess Connect! Re:Dive,2,5.5,276777,7.05,897
Radiant 2nd Season,1,5.0,106096,7.58,898
Ranma ½,2,8.0,248577,7.76,899
Re:Creators,1,7.0,486787,7.55,900
Rokudenashi Majutsu Koushi to Akashic Records,3,5.333,702439,7.14,901
Rokudou no Onna-tachi,1,6.0,42926,6.43,902
Rougo ni Sonaete Isekai de 8-manmai no Kinka wo Tamemasu,1,6.0,77702,6.94,903
Rurouni Kenshin: Meiji Kenkaku Romantan,2,8.0,485064,8.29,904
Ryuuou no Oshigoto!,2,5.5,190330,6.84,905
Sakasama no Patema,3,7.0,283666,7.96,906
Satsuriku no Tenshi,4,4.0,647585,6.96,907
Sayonara no Asa ni Yakusoku no Hana wo Kazarou,4,8.5,413216,8.40,908
Seitokai Yakuindomo,3,6.333,483641,7.55,909
Seitokai Yakuindomo OVA,1,8.0,126937,7.76,910
"Sekai Saikou no Ansatsusha, Isekai Kizoku ni Tensei suru",4,5.25,498272,7.36,911
Shakugan no Shana,1,6.0,528561,7.45,912
Shakugan no Shana II (Second),1,7.0,304827,7.55,913
Shakugan no Shana III (Final),1,7.0,234064,7.51,914
Shimoneta to Iu Gainen ga Sonzai Shinai Taikutsu na Sekai,7,6.0,785275,7.23,915
Shinchou Yuusha: Kono Yuusha ga Ore Tueee Kuse ni Shinchou Sugiru,4,7.0,595405,7.49,916
Shiyan Pin Jiating,1,4.0,46832,6.31,917
Sirius,2,4.0,242734,6.97,918
Skip to Loafer,6,8.0,212090,8.14,919
Slam Dunk,4,7.75,289683,8.54,920
Somali to Mori no Kamisama,1,7.0,281634,7.82,921
Sora wo Miageru Shoujo no Hitomi ni Utsuru Sekai,1,7.0,40141,7.09,922
Sora yori mo Tooi Basho,1,9.0,487520,8.52,923
Soul Eater: Late Night Show,1,6.0,27180,6.85,924
Sounan desu ka?,1,7.0,154652,6.60,925
Spriggan (ONA),3,6.333,42241,6.87,926
SSSS.Gridman,1,5.0,289250,7.12,927
Stand By Me Doraemon,2,5.5,52234,8.09,928
Steins;Gate 0,9,7.556,844224,8.53,929
Steins;Gate 0: Kesshou Takei no Valentine - Bittersweet Intermedio,3,6.0,102248,7.22,930
Steins;Gate: Kyoukaimenjou no Missing Link - Divide By Zero,7,7.143,253131,8.25,931
Strike the Blood,2,6.0,628682,7.04,932
Strike the Blood II,1,4.0,192473,6.97,933
Strike the Blood III,1,4.0,118437,7.00,934
Sunohara-sou no Kanrinin-san,1,5.0,146592,6.77,935
Suzumiya Haruhi no Shoushitsu,2,8.5,596469,8.60,936
Suzumiya Haruhi no Yuuutsu,2,8.0,899476,7.83,937
Suzumiya Haruhi no Yuuutsu (2009),2,7.0,518704,7.22,938
Sword Art Online Alternative: Gun Gale Online,3,5.333,602644,7.01,939
Sword Art Online: Progressive Movie - Hoshi Naki Yoru no Aria,2,6.5,238903,7.98,940
Sword Art Online: Progressive Movie - Kuraki Yuuyami no Scherzo,1,8.0,99691,7.68,941
Tejina-senpai,4,6.0,269616,6.40,942
Tenkuu Shinpan,5,5.0,313160,6.71,943
Tensei Oujo to Tensai Reijou no Mahou Kakumei,1,7.0,165824,7.50,944
Tensura Nikki: Tensei shitara Slime Datta Ken,1,5.0,319889,7.59,945
The Cockpit,2,7.0,14104,7.19,946
The Disappearance of Conan Edogawa: The Worst Two Days in History,1,8.0,12764,7.77,947
Thermae Romae Novae,4,6.75,23314,7.18,948
To LOVE-Ru,1,7.0,626843,6.99,949
To LOVE-Ru Darkness,1,8.0,363423,7.42,950
To LOVE-Ru Darkness 2nd,1,8.0,254170,7.44,951
To LOVE-Ru Darkness 2nd OVA,1,8.0,84225,7.52,952
To LOVE-Ru Darkness 2nd Specials,1,8.0,95259,7.55,953
To LOVE-Ru Darkness OVA,1,6.0,130173,7.53,954
To LOVE-Ru OVA,1,6.0,174388,7.25,955
To LOVE-Ru: Multiplication - Mae kara Ushiro kara,1,5.0,46659,7.16,956
Toaru Hikuushi e no Tsuioku,1,8.0,73524,7.61,957
Toaru Kagaku no Accelerator,1,6.0,228647,7.21,958
Toaru Kagaku no Railgun,1,7.0,596345,7.67,959
Toaru Kagaku no Railgun S,1,8.0,380159,8.02,960
Toaru Kagaku no Railgun T,1,8.0,223503,8.17,961
Toaru Majutsu no Index,1,7.0,797801,7.35,962
Toaru Majutsu no Index II,1,7.0,451959,7.53,963
Toaru Majutsu no Index III,1,2.0,244769,6.82,964
Toaru Majutsu no Index Movie: Endymion no Kiseki,1,7.0,129983,7.42,965
"Tokyo Ghoul: ""Pinto""",2,7.0,211027,7.20,966
Tom Sawyer no Bouken,1,7.0,8869,7.29,967
Tonari no Kyuuketsuki-san,1,5.0,103657,7.09,968
Tonari no Totoro,6,6.833,1028032,8.25,969
Tondera House no Daibouken,1,7.0,1607,6.28,970
Toriko,1,8.0,126278,7.52,971
Trinity Seven,3,4.0,821095,7.06,972
Uchi no Maid ga Uzasugiru!,1,5.0,116951,6.88,973
"Uchiage Hanabi, Shita kara Miru ka? Yoko kara Miru ka?",2,4.0,207237,6.09,974
Uchuu Kyoudai,2,8.0,189437,8.49,975
Ulysses: Jehanne Darc to Renkin no Kishi,1,4.0,92351,5.34,976
Uma Musume: Pretty Derby,1,6.0,133441,7.31,977
Uma Musume: Pretty Derby Season 2,1,8.0,47195,8.06,978
Vampire Holmes,1,1.0,20653,3.29,979
Vanitas no Karte,2,5.0,501660,7.91,980
Vanitas no Karte Part 2,1,7.0,259375,8.20,981
Violet Evergarden CM,1,7.0,5858,7.85,982
Violet Evergarden Gaiden: Eien to Jidou Shuki Ningyou,4,7.0,401806,8.41,983
Wakakusa no Charlotte,1,7.0,3022,6.89,984
Watashi ga Motete Dousunda,3,5.333,441918,6.97,985
Wonder Momo,1,2.0,6971,3.47,986
Working!!,1,8.0,426775,7.65,987
Working!!!,1,8.0,243495,7.96,988
Working!!! Lord of the Takanashi,1,8.0,101010,8.14,989
Working'!!,1,8.0,260227,7.82,990
World Trigger,2,5.0,407128,7.58,991
World Trigger 2nd Season,1,8.0,142818,8.06,992
World Trigger 3rd Season,1,8.0,108422,8.27,993
Wu Shan Wu Xing (2020),4,6.75,53848,7.81,994
Yahari Ore no Seishun Love Comedy wa Machigatteiru. OVA,1,6.0,264967,7.59,995
Yakitate!! Japan,2,4.5,96368,7.91,996
Yakusoku no Neverland: Michishirube,1,1.0,48542,4.71,997
Yesterday wo Utatte,2,3.5,301161,6.88,998
Yo! Daitouryou Trap-kun,3,2.667,7783,3.57,999
"Yosuga no Sora: In Solitude, Where We Are Least Alone.",3,1.667,486102,6.06,1000
Youjo Senki Movie,2,7.5,267673,8.23,1001
Youkoso! Sukebe Elf no Mori e,1,8.0,26458,7.58,1002
Yuragi-sou no Yuuna-san OVA,2,4.0,58583,7.10,1003
Zero no Tsukaima,2,6.0,802456,7.23,1004
Zero no Tsukaima F,1,7.0,411706,7.44,1005
Zero no Tsukaima: Futatsuki no Kishi,1,6.0,495037,7.41,1006
Zero no Tsukaima: Princesses no Rondo,1,6.0,438604,7.33,1007
Zetsuen no Tempest,3,6.667,587179,7.91,1008
Zombieland Saga,2,5.0,479203,7.51,1009
Accel World,2,2.5,703223,7.22,1010
Banana Fish,6,7.167,829142,8.48,1011
D.Gray-man,2,5.0,679933,8.02,1012
Detective Conan,1,8.0,339595,8.17,1013
Edens Zero,2,5.0,241718,7.30,1014
Holo no Graffiti,1,4.0,53126,8.22,1015
Love Live! Superstar!! 2nd Season,1,6.0,31028,7.72,1016
Shaman King (2021),1,4.0,252106,6.89,1017
"Shin no Nakama ja Nai to Yuusha no Party wo Oidasareta node, Henkyou de Slow Life suru Koto ni Shimashita",2,4.0,291451,6.94,1018
SKET Dance,1,7.0,221469,8.21,1019
Urusei Yatsura (2022),1,6.0,160358,7.42,1020
Absolute Duo,2,4.5,543671,6.43,1021
Abunai Sisters: Koko & Mika,1,1.0,7317,2.54,1022
Bastard!! Ankoku no Hakaishin Part 2 (ONA),1,4.0,28054,6.75,1023
Boogiepop wa Warawanai (2019),1,4.0,223882,7.07,1024
Busou Shoujo Machiavellianism,1,4.0,373203,6.89,1025
Conception,1,1.0,121452,4.60,1026
Dokyuu Hentai HxEros,1,2.0,137451,5.75,1027
Ex-Arm,2,1.0,79948,2.90,1028
Fairy Gone,1,4.0,164105,5.79,1029
Genocyber,4,4.0,36982,5.79,1030
Isekai Meikyuu de Harem wo,1,1.0,242397,6.56,1031
Katsute Kami Datta Kemono-tachi e,1,4.0,130782,6.40,1032
Kinsou no Vermeil: Gakeppuchi Majutsushi wa Saikyou no Yakusai to Mahou Sekai wo Tsukisusumu,1,4.0,255556,6.81,1033
Kuro Gal ni Natta kara Shinyuu to shitemita.,1,4.0,42156,6.19,1034
Kuro no Shoukanshi,3,5.0,205220,7.09,1035
Kyuukyoku Shinka shita Full Dive RPG ga Genjitsu yori mo Kusoge Dattara,3,6.0,235942,6.47,1036
Oda Nobuna no Yabou,1,4.0,291370,7.38,1037
Orient,1,1.0,107823,6.60,1038
Otome Game no Hametsu Flag shika Nai Akuyaku Reijou ni Tensei shiteshimatta... X,1,5.0,223345,7.25,1039
Platinum End,3,3.333,374353,6.05,1040
RWBY: Hyousetsu Teikoku,1,2.0,101242,6.35,1041
Sabiiro no Armor: Reimei,1,1.0,5999,3.84,1042
Saihate no Paladin,3,5.667,278069,6.84,1043
Seiken Densetsu: Legend of Mana - The Teardrop Crystal,2,5.5,19202,5.48,1044
Shikkakumon no Saikyou Kenja,2,3.0,228590,6.23,1045
Shinobi no Ittoki,3,4.333,155480,6.08,1046
Shokei Shoujo no Virgin Road,1,6.0,149810,6.79,1047
"Slime Taoshite 300-nen, Shiranai Uchi ni Level Max ni Nattemashita",3,5.667,360111,6.93,1048
SSSS.Dynazenon,1,4.0,124671,7.42,1049
Takt Op. Destiny,2,5.5,488622,7.15,1050
Tate no Yuusha no Nariagari Season 2,3,3.667,714838,6.55,1051
Tatoeba Last Dungeon Mae no Mura no Shounen ga Joban no Machi de Kurasu Youna Monogatari,3,5.0,270282,6.33,1052
Yasuke,1,4.0,80777,5.76,1053
3-gatsu no Lion meets Bump of Chicken,1,7.0,14718,7.04,1054
3-gatsu no Lion: Ugoku! Nya Shogi,1,6.0,4002,6.07,1055
3D Onara Gorou ga Dance Dance Dance!!,1,4.0,3320,3.32,1056
Afro Samurai,3,7.0,365440,7.36,1057
"Ayanami Rei, Hajimete no Kuchibeni",2,3.0,4178,5.75,1058
Cencoroll,2,5.0,100771,7.14,1059
Cike Wu Liuqi,5,6.8,95453,7.86,1060
Cike Wu Liuqi Fanwai,2,6.0,21664,7.50,1061
Colorful (Movie),2,6.5,193729,7.75,1062
Daicon Opening Animations,3,6.0,20306,7.71,1063
Detroit Metal City,2,8.5,207968,8.10,1064
Detroit Metal City: Birth of the Metal Devil,1,6.0,23808,7.29,1065
FLCL: Grunge,2,1.5,28011,4.78,1066
Golden Kamuy OVA,1,6.0,26134,7.24,1067
Hanamonogatari,5,7.0,418860,7.93,1068
Hello World,3,6.667,243281,7.50,1069
Horny,4,2.5,993,3.79,1070
Hungry Days x Bump of Chicken: Kinen Satsuei,1,7.0,1415,7.20,1071
Hungry Days: Aoharu ka yo.,1,6.0,7456,6.28,1072
I'm Your Treasure Box: Anata wa Marine Senchou wo Takarabako kara Mitsuketa.,1,6.0,3754,7.82,1073
Kobayashi-san Chi no Maid Dragon S: Nippon no Omotenashi - Attend wa Dragon desu,2,5.5,69936,7.82,1074
Konnichiwa Onara Gorou,1,5.0,1303,4.17,1075
Koyomimonogatari,4,6.25,241150,7.62,1076
Look Plus One Piece Special Movie,1,4.0,4993,5.96,1077
Manga,1,2.0,1312,4.57,1078
Mini Dragon Specials,2,4.5,38721,7.46,1079
Monogatari Series: Second Season,5,8.6,654858,8.77,1080
Nanatsu no Taizai: Eiyuu-tachi wa Hashagu,2,4.0,76812,7.07,1081
Naruto: Shippuuden - Sunny Side Battle,2,5.0,70614,7.56,1082
Nichijou: Nichijou no 0-wa,1,5.0,83672,7.39,1083
Nissan Serena x One Piece 3D: Mugiwara Chase - Sennyuu!! Sauzando Sanii-gou,1,4.0,10947,6.54,1084
Oishi-sa Hajikeru! One Piece,1,4.0,6164,6.23,1085
Omoide no Marnie,2,6.5,287604,8.05,1086
One Piece 3D: Gekisou! Trap Coaster,1,5.0,24217,6.82,1087
One Piece 4D,1,5.0,3463,6.32,1088
One Piece Film: Gold,2,7.0,207290,7.89,1089
One Piece Film: Gold - Cine Mike Popcorn Kokuchi,1,4.0,7586,6.36,1090
One Piece Film: Gold Episode 0 - 711 ver.,1,6.0,24029,7.20,1091
One Piece Film: Z,2,7.5,271951,8.13,1092
One Piece Movie 14: Stampede,2,7.5,178461,8.22,1093
One Piece: Cry Heart,1,6.0,9541,6.48,1094
One Piece: Glorious Island,1,6.0,29375,7.16,1095
One Piece: Jango no Dance Carnival,1,6.0,41378,7.13,1096
One Piece: Mezase! Kaizoku Yakyuu Ou,1,6.0,35739,6.99,1097
One Piece: Mugiwara no Ichimi kara no Kansen Yobou Message,1,4.0,2301,6.17,1098
One Piece: Romance Dawn Story,2,5.5,51508,7.34,1099
One Piece: Taose! Kaizoku Ganzack,1,6.0,39222,6.71,1100
One Piece: Yume no Soccer Ou!,2,6.0,44485,7.10,1101
Overflow,2,6.5,138099,7.24,1102
Owaranai Seraph,1,4.0,91475,7.34,1103
Owaranai Seraph: Nagoya-hen,1,5.0,54989,7.33,1104
Owarimonogatari,5,7.8,467239,8.45,1105
Road of Naruto,3,7.333,30102,8.47,1106
Scratch x One Piece Film: Gold,1,4.0,8371,6.34,1107
Shin Gengou Nyankogelion,1,7.0,2934,7.23,1108
Sono Me ga Mitsumeru Mono,1,4.0,5576,5.38,1109
Stranger: Mukou Hadan Pilot,2,5.5,12198,7.02,1110
Summer Wars,2,6.0,511525,8.02,1111
TOHO Cinemas x One Piece Film: Gold - Tokubetsu Eizou,1,5.0,4838,6.14,1112
Tokyo Revengers: Seiya Kessen-hen,5,6.0,311245,7.69,1113
Tsukimonogatari,5,7.2,409406,8.09,1114
Vinland Saga Season 2: Drowning in the Shadow,1,6.0,19558,7.46,1115
Vinland Saga Season 2: Same Old Story,1,6.0,11393,6.83,1116
Wotaku ni Koi wa Muzukashii OVA,2,6.5,198915,7.95,1117
Wu Liuqi: Xuanwu Guo Pian,4,7.25,57128,8.30,1118
Wu Liuqi: Zui Qiang Fa Xing Shi,4,6.75,69270,8.15,1119
Yojouhan Shinwa Taikei,2,6.5,436834,8.56,1120
Dead Mount Death Play,2,4.5,178594,7.30,1121
Yuusha ga Shinda!,2,3.0,103565,6.65,1122
"""Bungaku Shoujo"" Movie",1,7.0,67291,7.34,1123
Cat Shit One,3,4.0,29754,6.91,1124
Danganronpa: Kibou no Gakuen to Zetsubou no Koukousei The Animation,3,6.667,919513,7.21,1125
Dragon Ball Z,7,6.571,1192997,8.17,1126
High School DxD,5,5.2,1390535,7.33,1127
Kitsune no Koe,1,6.0,22069,6.42,1128
Pokemon,4,4.25,615495,7.38,1129
Pokemon Movie 01: Mewtwo no Gyakushuu,2,4.5,259290,7.65,1130
Pokemon XY,2,6.5,166202,7.39,1131
Bakuman. 2nd Season,1,6.0,347187,8.35,1132
Dragon Ball Super,6,5.0,801520,7.43,1133
Danganronpa 3: The End of Kibougamine Gakuen - Mirai-hen,2,6.5,346053,7.23,1134
Hibike! Euphonium,1,6.0,444715,8.00,1135
Ousama Ranking: Yuuki no Takarabako,1,7.0,123917,7.26,1136
Shuumatsu no Harem,4,4.5,247824,5.94,1137
Yarichin☆Bitch-bu,1,1.0,102220,6.13,1138
4-nin wa Sorezore Uso wo Tsuku,1,8.0,34372,7.15,1139
5-toubun no Hanayome,7,6.571,911411,7.66,1140
5-toubun no Hanayome ∬,7,5.571,682445,8.07,1141
5-toubun no Hanayome Movie,3,4.333,219004,7.87,1142
B-gata H-kei,2,6.5,384386,6.85,1143
Be-Bop Highschool,2,7.0,7778,7.48,1144
Bleach: Memories in the Rain,2,4.5,125659,7.17,1145
Bleach: The Sealed Sword Frenzy,2,3.5,115540,6.97,1146
C Danchi,1,6.0,28902,5.36,1147
Dragon Ball,6,6.333,1006248,7.96,1148
"Fuufu Ijou, Koibito Miman.",1,7.0,269607,7.60,1149
Gakkou no Kaidan: Kubinashi Rider!! Shi no Noroi,1,5.0,15426,7.01,1150
Galaxy Angel,2,6.5,28576,7.04,1151
Galaxy Angel Specials,2,6.5,2476,6.83,1152
Ghost Hunt,1,7.0,226839,7.76,1153
Grisaia no Kajitsu,2,7.0,601352,7.48,1154
Grisaia no Meikyuu: Caprice no Mayu 0,1,9.0,226453,7.84,1155
Grisaia no Rakuen,1,9.0,401668,7.76,1156
Highschool of the Dead: Drifters of the Dead,4,5.0,301711,6.62,1157
Innocence,2,7.5,158596,7.78,1158
Interstella5555: The 5tory of The 5ecret 5tar 5ystem,2,4.0,71993,8.13,1159
"Kanojo, Okarishimasu 2nd Season",3,5.667,395544,6.85,1160
Katanagatari,2,8.0,550736,8.31,1161
Koori Zokusei Danshi to Cool na Douryou Joshi,1,7.0,179501,7.33,1162
Kuroko no Basket 2nd Season NG-shuu,1,7.0,64745,7.71,1163
Kuroko no Basket 3rd Season NG-shuu,1,6.0,44458,7.67,1164
Kuroko no Basket NG-shuu,1,7.0,65850,7.66,1165
Kuroko no Basket: Baka ja Katenai no yo!,1,7.0,51424,7.54,1166
Kuroko no Basket: Mou Ikkai Yarimasen ka,1,6.0,47957,7.60,1167
Kuroko no Basket: Saikou no Present desu,1,9.0,103791,8.10,1168
Kuroko no Basket: Tip Off,1,8.0,102550,7.80,1169
Lingerie Senshi Papillon Rose,2,3.5,8281,4.60,1170
Lord El-Melloi II Sei no Jikenbo: Rail Zeppelin Grace Note - Hakamori to Neko to Majutsushi,1,6.0,60922,7.11,1171
Mamahaha no Tsurego ga Motokano datta,3,6.0,264451,6.76,1172
Michiko to Hatchin,2,8.5,196253,7.83,1173
Ore wo Suki nano wa Omae dake ka yo: Oretachi no Game Set,1,9.0,117059,7.57,1174
Owarimonogatari 2nd Season,4,7.75,386597,8.88,1175
Revenger,1,7.0,71144,6.68,1176
Romantic Killer,2,7.5,175995,8.04,1177
Shitcom,7,1.286,20874,2.77,1178
Touhai Densetsu Akagi: Yami ni Maiorita Tensai,2,8.0,101037,7.92,1179
True Tears,1,7.0,214151,7.29,1180
Usagi-chan de Cue!!,1,5.0,7167,5.54,1181
Uzaki-chan wa Asobitai! Double,3,5.667,203344,7.25,1182
Vampire Hunter D,3,5.333,84154,7.01,1183
Vampire Hunter D (2000),4,8.0,186595,7.92,1184
Witch Hunter Robin,2,5.0,113531,7.25,1185
Zoku Owarimonogatari,3,7.667,218086,8.45,1186
Hataraku Maou-sama!! 2nd Season,1,6.0,99852,6.70,1187
Baki: Dai Raitaisai-hen,4,5.0,190979,7.55,1188
Boku wa Tomodachi ga Sukunai,2,5.5,795382,7.16,1189
Boku wa Tomodachi ga Sukunai Next,2,5.5,523625,7.29,1190
Bokutachi no Remake,3,5.0,327019,7.41,1191
Build Divide: Code Black,1,5.0,53860,6.39,1192
C: The Money of Soul and Possibility Control,1,4.0,306464,7.17,1193
Chuunibyou demo Koi ga Shitai! Ren,2,6.5,724082,7.55,1194
Cider no You ni Kotoba ga Wakiagaru,1,7.0,215351,7.40,1195
Deadman Wonderland,7,4.429,1211994,7.15,1196
Dragon Ball Kai,2,6.0,378215,7.73,1197
Free!,1,5.0,784307,7.33,1198
"Gaikotsu Kishi-sama, Tadaima Isekai e Odekakechuu",2,5.0,282638,7.17,1199
Granblue Fantasy The Animation,2,6.0,193344,6.63,1200
Grancrest Senki,1,6.0,301099,7.22,1201
Grappler Baki (TV),2,6.0,137452,7.46,1202
Grappler Baki: Saidai Tournament-hen,2,6.0,84902,7.49,1203
"Gyakuten Saiban: Sono ""Shinjitsu"", Igi Ari!",1,7.0,134062,6.50,1204
"Gyakuten Saiban: Sono ""Shinjitsu"", Igi Ari! Season 2",1,7.0,39389,7.16,1205
Hajime no Ippo: Rising,2,7.5,247948,8.60,1206
Hanma Baki: Son of Ogre,4,5.0,141010,7.66,1207
Hanma Baki: Son of Ogre 2nd Season,1,8.0,59896,8.04,1208
Hataage! Kemono Michi,1,4.0,193640,6.61,1209
Hige wo Soru. Soshite Joshikousei wo Hirou.,4,6.0,586114,7.28,1210
High School DxD BorN,1,6.0,782402,7.42,1211
High School DxD Hero,1,6.0,491770,7.25,1212
High School DxD New,1,6.0,893690,7.48,1213
Horimiya: Piece,2,7.0,238407,8.29,1214
Isekai Cheat Magician,1,5.0,313624,5.47,1215
Itai no wa Iya nanode Bougyoryoku ni Kyokufuri Shitai to Omoimasu. 2,1,5.0,209868,7.20,1216
Jaku-Chara Tomozaki-kun,2,5.5,350354,7.12,1217
Kawaikereba Hentai demo Suki ni Natte Kuremasu ka?,1,8.0,313814,6.50,1218
Keijo!!!!!!!!,1,7.0,392475,6.92,1219
"Kono Healer, Mendokusai",1,5.0,55052,6.35,1220
Liar Liar,1,7.0,113124,6.34,1221
Love Live! School Idol Project,1,6.0,440517,7.41,1222
Magia Record: Mahou Shoujo Madoka☆Magica Gaiden,1,7.0,155397,6.80,1223
Magia Record: Mahou Shoujo Madoka☆Magica Gaiden 2nd Season - Kakusei Zenya,1,6.0,60855,6.97,1224
"Maou Gakuin no Futekigousha: Shijou Saikyou no Maou no Shiso, Tensei shite Shison-tachi no Gakkou e Kayou II",1,7.0,296171,6.91,1225
Masamune-kun no Revenge R,1,6.0,162756,7.26,1226
Mashiro no Oto,1,7.0,146281,7.54,1227
Ookami Shoujo to Kuro Ouji,1,6.0,460714,7.04,1228
Orange,2,7.5,803507,7.62,1229
Ore dake Haireru Kakushi Dungeon,2,5.5,367099,6.30,1230
Osananajimi ga Zettai ni Makenai Love Comedy,2,4.0,256963,6.07,1231
Otome Game Sekai wa Mob ni Kibishii Sekai desu,2,5.5,275522,7.34,1232
Plastic Memories,2,5.0,918679,7.91,1233
Pokemon: The Origin,1,8.0,227838,7.73,1234
Princess Connect! Re:Dive Season 2,1,6.0,120988,7.80,1235
ReLIFE,2,6.5,1007018,7.97,1236
Renai Boukun,4,4.25,359640,6.62,1237
Sabikui Bisco,1,6.0,239391,7.16,1238
Senpai ga Uzai Kouhai no Hanashi,2,6.5,316495,7.60,1239
"Shijou Saikyou no Daimaou, Murabito A ni Tensei suru",2,4.5,257396,6.29,1240
Shin Shinka no Mi: Shiranai Uchi ni Kachigumi Jinsei,1,6.0,87033,5.41,1241
Shinka no Mi: Shiranai Uchi ni Kachigumi Jinsei,2,5.5,191198,6.21,1242
Shinmai Maou no Testament,1,5.0,661155,6.71,1243
Shokugeki no Souma,6,5.833,1604590,8.15,1244
Shokugeki no Souma: Gou no Sara,1,6.0,512257,7.32,1245
Shokugeki no Souma: Ni no Sara,6,5.833,1109888,8.09,1246
Shokugeki no Souma: San no Sara,3,6.0,949378,8.00,1247
Shokugeki no Souma: San no Sara - Tootsuki Ressha-hen,3,4.667,701752,7.96,1248
Tsuki ga Michibiku Isekai Douchuu,3,6.667,381805,7.71,1249
Tsurezure Children,1,6.0,710214,7.56,1250
Tsuujou Kougeki ga Zentai Kougeki de Ni-kai Kougeki no Okaasan wa Suki desu ka?,2,5.0,276412,5.55,1251
Witch Craft Works,1,6.0,330578,7.00,1252
Xian Wang de Richang Shenghuo 2,1,7.0,133985,7.39,1253
Xian Wang de Richang Shenghuo 3,1,7.0,77302,7.32,1254
Yu☆Gi☆Oh! The Dark Side of Dimensions,1,7.0,76294,7.50,1255
"Kanojo, Okarishimasu 3rd Season",1,2.0,129465,7.05,1256
Alien 9,2,3.0,37962,6.72,1257
Chainsaw Maid,4,2.0,7985,5.13,1258
Dragon Ball Super: Broly,3,5.333,383155,8.16,1259
Gavora,1,1.0,411,5.59,1260
Hoshi no Koe,1,2.0,153681,7.11,1261
Kara no Kyoukai Movie 8: Shuushou,2,5.5,117550,7.21,1262
Kara no Kyoukai Movie: Mirai Fukuin,2,5.5,113192,8.00,1263
"Kumo no Mukou, Yakusoku no Basho",1,2.0,214042,7.45,1264
Mormorando,1,1.0,643,5.08,1265
Nakitai Watashi wa Neko wo Kaburu,1,5.0,411891,7.34,1266
Natsume Yuujinchou,2,7.5,526873,8.31,1267
NieR:Automata Ver1.1a,2,5.5,252366,7.55,1268
No Littering,1,1.0,4710,3.60,1269
Tenkuu Danzai Skelter+Heaven,2,1.0,37948,1.85,1270
Tonikaku Kawaii: Seifuku,1,5.0,85017,7.73,1271
Toradora!: Bentou no Gokui,2,5.5,176265,7.43,1272
Wu Liuqi: Anying Suming,2,7.0,14518,7.90,1273
Zoku Natsume Yuujinchou,1,8.0,242664,8.54,1274
"""0""",1,5.0,3964,4.66,1275
27th,1,6.0,391,5.77,1276
Aishen Qiaokeli-ing...,1,4.0,87401,6.82,1277
Ajin Part 1: Shoudou,1,6.0,45344,7.44,1278
Ajin Part 2: Shoutotsu,1,6.0,26896,7.22,1279
Ajin Part 3: Shougeki,1,6.0,25768,7.24,1280
Ame wo Tsugeru Hyouryuu Danchi,1,6.0,55843,7.31,1281
Berserk Recap,1,5.0,14259,6.04,1282
Da Wang Rao Ming,1,7.0,76568,7.51,1283
Dies Irae,1,5.0,136737,5.38,1284
Engage Kiss,2,4.5,216198,6.83,1285
Fuuka,1,6.0,292164,6.51,1286
Godzilla 1: Kaijuu Wakusei,1,7.0,61169,6.44,1287
Godzilla 2: Kessen Kidou Zoushoku Toshi,1,7.0,39565,6.54,1288
Godzilla 3: Hoshi wo Kuu Mono,1,7.0,32715,6.23,1289
Godzilla: S.P,2,6.0,65367,6.65,1290
Haikyuu!! Lev Genzan!,1,6.0,129812,7.71,1291
Haikyuu!! Movie 1: Owari to Hajimari,1,7.0,97125,8.01,1292
Haikyuu!! Movie 2: Shousha to Haisha,1,7.0,89177,8.05,1293
Haikyuu!! Movie 3: Sainou to Sense,1,6.0,83506,8.15,1294
Haikyuu!! Movie 4: Concept no Tatakai,1,7.0,80474,8.20,1295
Haikyuu!! Tokushuu! Haru-kou Volley ni Kaketa Seishun,1,5.0,37215,7.52,1296
"Haikyuu!! vs. ""Akaten""",1,5.0,90599,7.77,1297
Handa-kun,2,5.5,287768,7.35,1298
Hitchcock,1,7.0,1295,7.27,1299
Hunter x Hunter: Greed Island,1,5.0,152269,8.18,1300
Hunter x Hunter: Greed Island Final,1,5.0,141281,8.25,1301
Hunter x Hunter: Original Video Animation,1,5.0,123957,8.31,1302
Imawa no Kuni no Alice,1,7.0,58184,7.28,1303
Iron Man,1,6.0,28925,6.04,1304
Jitsu wa Watashi wa,3,4.667,265994,6.84,1305
Juubee Ninpuuchou,3,8.667,136304,7.61,1306
Kanata no Astra,1,6.0,293217,8.08,1307
"Kimetsu no Yaiba: Jougen Shuuketsu, Soshite Katanakaji no Sato e",1,6.0,90859,7.66,1308
Kiznaiver,2,7.0,724390,7.38,1309
Koi to Uso,1,6.0,407382,6.49,1310
Koi wa Sekai Seifuku no Ato de,2,6.0,217410,7.43,1311
Koukou Tekken-den Tough,1,6.0,4441,6.89,1312
Kyoukai no Kanata,1,5.0,1141152,7.73,1313
Mousou Dairinin,5,6.6,405246,7.67,1314
Ninja Batman,2,7.0,56296,6.08,1315
Oemojisangjuui,2,6.0,76773,7.49,1316
Oki ni Mesu mama,1,6.0,2491,7.46,1317
One Punch Man 2nd Season Commemorative Special,1,6.0,62627,6.99,1318
Oneechan ga Kita,2,3.0,117282,6.33,1319
"Ore ga Ojousama Gakkou ni ""Shomin Sample"" Toshite Gets♥Sareta Ken",1,6.0,273542,6.68,1320
Photokano,1,6.0,123604,6.19,1321
Princess Lover!,1,2.0,223688,6.69,1322
Quanzhi Fashi,1,6.0,134355,7.19,1323
Quanzhi Fashi II,1,7.0,72056,6.76,1324
Quanzhi Fashi III,1,7.0,53932,7.36,1325
Quanzhi Fashi IV,1,7.0,37472,7.31,1326
Quanzhi Fashi V,1,8.0,23986,7.28,1327
Ramayana: The Legend of Prince Rama,1,8.0,9968,8.34,1328
Samurai 7,1,7.0,129341,7.44,1329
Sekirei,2,2.0,401543,7.04,1330
Shironeko Project: Zero Chronicle,1,5.0,93101,5.38,1331
Shokugeki no Souma OVA,1,5.0,120603,7.33,1332
Shuangsheng Lingtan,1,6.0,13946,7.11,1333
Subarashiki Kono Sekai The Animation,1,5.0,69836,6.14,1334
Sword Art Online Alternative: Gun Gale Online - Refrain,1,4.0,39648,6.56,1335
Sword Art Online II: Debriefing,2,5.5,125686,6.66,1336
Sword Art Online: Extra Edition,2,4.0,311166,6.55,1337
Taboo Tattoo,1,2.0,282323,5.74,1338
Tamako Love Story,1,6.0,376382,7.92,1339
Tamako Market,1,5.0,414685,7.40,1340
Tekken,1,7.0,16163,5.28,1341
Tekken: Blood Vengeance,1,6.0,22679,6.61,1342
Tekken: Bloodline,2,5.5,27575,6.46,1343
"Tensei Kenja no Isekai Life: Dai-2 no Shokugyou wo Ete, Sekai Saikyou ni Narimashita",1,7.0,187660,6.31,1344
Terra Formars,1,7.0,227083,7.00,1345
Terra Formars: Bugs 2-hen,1,6.0,36177,7.15,1346
Terra Formars: Earth-hen,1,4.0,10786,6.10,1347
Terra Formars: Revenge,1,6.0,90886,6.65,1348
Tian Mei De Yao Hen,1,3.0,8498,6.57,1349
To Be Hero,1,7.0,62348,6.96,1350
"Tokyo Ghoul: ""Jack""",1,7.0,247580,7.30,1351
Zhen Hun Jie,1,6.0,46119,7.49,1352
Zuihou de Zhaohuan Shi,1,4.0,56886,6.57,1353
Zutto Mae kara Suki deshita. Kokuhaku Jikkou Iinkai,1,7.0,226254,7.22,1354
Long Zu,1,5.0,19235,7.13,1355
Amanee!: Tomodachinchi de Konna Koto ni Naru Nante!,1,1.0,15226,7.04,1356
Ansatsu Kyoushitsu: 365-nichi no Jikan,1,2.0,116452,7.34,1357
Ansatsu Kyoushitsu: Deai no Jikan,1,2.0,133279,7.43,1358
Aoi Bungaku Series,3,7.667,216967,7.68,1359
Bang Babang Bang!!!,1,1.0,9482,5.34,1360
Bonyuu-chan wa Dashitai.,1,1.0,3786,7.12,1361
Condom Battler Gorou,3,4.333,2285,6.60,1362
Corpse Party: Missing Footage,1,1.0,139570,5.97,1363
Crayon Shin-chan Movie 01: Action Kamen vs. Haigure Maou,1,2.0,8440,6.98,1364
Crayon Shin-chan Movie 05: Ankoku Tamatama Daitsuiseki,1,2.0,7051,7.35,1365
Crayon Shin-chan Movie 11: Arashi wo Yobu Eikou no Yakiniku Road,1,2.0,4906,7.20,1366
Crayon Shin-chan Movie 18: Chou Jikuu! Arashi wo Yobu Ora no Hanayome,1,2.0,6403,7.42,1367
Crayon Shin-chan Movie 23: Ora no Hikkoshi Monogatari - Saboten Daisuugeki,1,2.0,4584,7.10,1368
Dekakute Ecchi na Ore no Ane,1,1.0,12988,6.93,1369
Doraemon Movie 13: Nobita to Kumo no Oukoku,1,2.0,7414,7.14,1370
Doraemon Movie 24: Nobita to Fushigi Kaze Tsukai,1,2.0,9731,7.33,1371
Doraemon Movie 30: Nobita no Ningyo Daikaisen,1,2.0,6691,7.17,1372
Doraemon Movie 31: Shin Nobita to Tetsujin Heidan - Habatake Tenshi-tachi,1,2.0,14316,8.16,1373
Doraemon Movie 34: Shin Nobita no Daimakyou - Peko to 5-nin no Tankentai,1,2.0,8405,7.37,1374
Doraemon Movie 37: Nobita no Nankyoku Kachikochi Daibouken,1,2.0,5487,7.43,1375
Dragon Ball Movie 1: Shen Long no Densetsu,2,3.0,66580,6.76,1376
Dragon Ball Z Movie 01: Ora no Gohan wo Kaese!!,2,2.5,120528,6.63,1377
Enbo,1,1.0,21058,7.11,1378
Fairy Tail Movie 1: Houou no Miko,2,4.0,212386,7.37,1379
Fruits Basket 1st Season,1,2.0,794009,8.22,1380
Fruits Basket 2nd Season,1,1.0,484494,8.55,1381
Fruits Basket: The Final,1,1.0,447340,8.99,1382
Genkaku Cool na Sensei ga Aheboteochi!,1,1.0,15234,7.25,1383
Green Eyes: Ane Kyun! yori The Animation,1,1.0,11418,6.86,1384
High School DxD OVA,1,2.0,279121,7.27,1385
Himitsu no Kichi,1,1.0,4158,6.36,1386
Imouto Bitch ni Shiboraretai,1,1.0,23490,7.14,1387
Kirameki Inokori Daisensou,1,1.0,711,6.91,1388
Kyonyuu Elf Oyako Saimin,1,1.0,7182,7.06,1389
Kyousou Giga (TV),1,5.0,186875,7.71,1390
Meikoku Gakuen: Jutai-hen,1,1.0,11487,7.06,1391
Naruto Movie 1: Dai Katsugeki!! Yuki Hime Shinobu Houjou Dattebayo!,1,1.0,290579,7.12,1392
Naruto Movie 2: Dai Gekitotsu! Maboroshi no Chiteiiseki Dattebayo!,1,1.0,231360,6.88,1393
Naruto Movie 3: Dai Koufun! Mikazuki Jima no Animaru Panic Dattebayo!,1,1.0,205694,6.92,1394
Naruto: Shippuuden Movie 4 - The Lost Tower,2,3.0,249253,7.42,1395
Naruto: Shippuuden Movie 5 - Blood Prison,2,4.0,242244,7.46,1396
Neko no Ongaeshi,1,5.0,264213,7.72,1397
Oppai Gakuen Marching Band-bu!,1,1.0,8213,6.89,1398
Pa-Pa-Pa the ★ Movie: Perman,1,2.0,800,6.44,1399
Pa-Pa-Pa the ★ Movie: Perman - Tako de Pon! Ashi wa Pon!,1,2.0,611,6.40,1400
Pokemon Movie 04: Celebi Toki wo Koeta Deai,1,3.0,152134,6.90,1401
Pokemon Movie 07: Rekkuu no Houmonsha Deoxys,1,3.0,113384,6.96,1402
Pokemon Movie 08: Mew to Hadou no Yuusha Lucario,1,3.0,115327,7.32,1403
Pokemon Movie 10: Dialga vs. Palkia vs. Darkrai,1,3.0,112994,7.29,1404
Pokemon: Pikachu no Natsuyasumi,2,2.5,34919,6.81,1405
Psycho-Pass 2,3,5.0,640611,7.40,1406
Psycho-Pass 3,2,1.5,262788,7.45,1407
Pussycat,1,1.0,5336,4.20,1408
Sei Brunehilde Gakuen Shoujo Kishidan to Junpaku no Panty The Animation,1,1.0,15351,7.22,1409
Showtime! Uta no Oneesan datte Shitai,1,1.0,12955,6.78,1410
Spicy Swingy Style,1,1.0,1344,5.21,1411
Stand By Me Doraemon 2,1,2.0,22026,8.18,1412
Suntory Can Beer CMs,2,3.5,274,6.07,1413
Tic Tac Dreamin',1,1.0,1530,5.21,1414
Victorian Maid Maria no Houshi,1,1.0,12777,7.35,1415
Crayon Shin-chan,1,2.0,81293,7.78,1416
Dragon Ball GT,3,3.333,615386,6.48,1417
InuYasha,1,3.0,776307,7.86,1418
Ninja Hattori-kun,1,2.0,10962,6.93,1419
Ninja Hattori-kun (2012),1,3.0,2825,6.61,1420
Perman,1,2.0,3914,6.58,1421
Perman (1983),1,2.0,3859,6.60,1422
Pokemon Sun & Moon,2,3.0,109294,6.89,1423
Ao Haru Ride,3,7.0,902027,7.64,1424
Boogiepop wa Warawanai,1,7.0,131343,7.16,1425
Ergo Proxy,4,7.5,630424,7.90,1426
Green Green,1,5.0,116230,6.15,1427
Hanbun no Tsuki ga Noboru Sora,2,6.5,99458,7.47,1428
Love Hina,1,6.0,261849,7.10,1429
Love Hina Again,1,5.0,84621,7.21,1430
Love Hina Christmas Special: Silent Eve,1,5.0,57733,7.31,1431
Love Hina Haru Special: Kimi Sakura Chiru Nakare!!,1,4.0,52502,7.18,1432
Mirai Nikki: Redial,2,3.5,349141,7.30,1433
Mnemosyne: Mnemosyne no Musume-tachi,3,6.333,181517,7.26,1434
Naruto: Shippuuden Movie 1,1,7.0,290799,7.29,1435
Naruto: Shippuuden Movie 2 - Kizuna,1,5.0,260815,7.28,1436
Naruto: Shippuuden Movie 3 - Hi no Ishi wo Tsugu Mono,1,6.0,202379,7.33,1437
Petshop of Horrors,2,7.0,66518,7.24,1438
Pokemon Movie 20: Kimi ni Kimeta!,2,6.5,57109,7.12,1439
Promare: Galo-hen,1,6.0,27426,6.88,1440
Promare: Lio-hen,1,6.0,27890,7.02,1441
Sekirei: Pure Engagement,1,2.0,237995,7.28,1442
Tasogare Otome x Amnesia,1,7.0,394154,7.82,1443
Umi ga Kikoeru,2,8.0,129345,6.54,1444
Yeon-ae Halujeon,1,5.0,18773,7.18,1445
11eyes,1,5.0,234572,6.06,1446
3D Kanojo: Real Girl,1,7.0,330481,6.85,1447
3D Kanojo: Real Girl 2nd Season,1,8.0,182816,7.67,1448
"Akagami no Shirayuki-hime: Nandemonai Takaramono, Kono Page",1,10.0,77668,7.71,1449
Amanchu!,1,6.0,91952,7.24,1450
Death Note: Rewrite,1,7.0,201241,7.70,1451
Etsuraku no Tane The Animation,1,6.0,5965,6.06,1452
Fairy Tail OVA,1,9.0,164596,7.46,1453
Fairy Tail OVA (2016),1,9.0,82006,7.22,1454
Fairy Tail x Rave,1,6.0,123560,7.14,1455
Given,2,5.0,547824,8.32,1456
Gokushufudou Part 2,4,7.5,147263,7.54,1457
Gokushufudou Season 2,3,6.667,64830,7.56,1458
Hidan no Aria,1,7.0,370140,6.79,1459
Inyouchuu The Animation,1,6.0,6702,6.28,1460
Isekai Nonbiri Nouka,1,7.0,169842,7.57,1461
Isekai Yakkyoku,1,7.0,190078,7.31,1462
Kaizoku Oujo,1,6.0,188066,7.08,1463
Kamisama ni Natta Hi,1,7.0,252232,6.78,1464
Kaze no Tani no Nausicaä,3,6.0,363657,8.36,1465
Konohakaseki no Natsu,1,6.0,492,6.24,1466
Majo no Takkyuubin,2,7.5,560894,8.22,1467
Mushikago no Cagaster,1,10.0,37708,6.45,1468
Noumin Kanren no Skill bakka Agetetara Nazeka Tsuyoku Natta.,1,7.0,119243,5.94,1469
Rain Town,1,10.0,25317,7.10,1470
Ryuu to Sobakasu no Hime,1,10.0,151088,7.51,1471
Seitokaichou ni Chuukoku,1,4.0,47924,6.92,1472
Servamp,1,6.0,279359,6.88,1473
Shinmai Renkinjutsushi no Tenpo Keiei,1,9.0,60635,6.61,1474
Suki tte Ii na yo.,1,5.0,640020,7.41,1475
Tsumiki no Ie,2,9.0,94907,8.01,1476
Tsuujou Kougeki ga Zentai Kougeki de Ni-kai Kougeki no Okaasan wa Suki desu ka? Namiuchigiwa no Okaasan wa Suki desu ka?,1,7.0,44606,6.05,1477
"Yuusha Party wo Tsuihou sareta Beast Tamer, Saikyoushu no Nekomimi Shoujo to Deau",1,8.0,171006,6.94,1478
Phantom: Requiem for the Phantom,2,5.5,329025,7.94,1479
100-man no Inochi no Ue ni Ore wa Tatteiru,1,6.0,279088,6.51,1480
100-man no Inochi no Ue ni Ore wa Tatteiru 2nd Season,1,6.0,153563,6.80,1481
Coquelicot-zaka kara,1,7.0,195001,7.79,1482
Deatte 5-byou de Battle,1,6.0,189430,6.76,1483
"Doukyonin wa Hiza, Tokidoki, Atama no Ue.",1,7.0,189827,7.73,1484
FLCL Progressive,1,2.0,130118,6.36,1485
Gekkan Shoujo Nozaki-kun,1,2.0,907394,7.83,1486
Heya Camp△,1,9.0,94048,7.33,1487
Hyouka: Motsubeki Mono wa,1,2.0,185027,7.35,1488
Imouto sae Ireba Ii.,1,6.0,330857,7.27,1489
Isekai Shokudou,1,6.0,243809,7.39,1490
Mimi wo Sumaseba,1,9.0,347204,8.22,1491
Mushishi Zoku Shou,2,7.5,292059,8.69,1492
Nanbaka 2,1,6.0,129633,7.49,1493
New Game!,1,5.0,423361,7.56,1494
New Game!!,1,5.0,252867,7.70,1495
"Ore no Nounai Sentakushi ga, Gakuen Love Comedy wo Zenryoku de Jama Shiteiru",2,4.5,400193,7.15,1496
Saenai Heroine no Sodatekata,1,5.0,644737,7.48,1497
Saiki Kusuo no Ψ-nan (ONA),1,7.0,41405,7.13,1498
Seirei Gensouki,1,3.0,342138,7.06,1499
"Sentouin, Hakenshimasu!",2,6.0,358446,7.16,1500
Shikioriori,1,2.0,175688,7.12,1501
Shingeki no Kyojin Movie 2: Jiyuu no Tsubasa,1,7.0,124246,7.87,1502
Tenkuu no Shiro Laputa,2,6.0,469704,8.26,1503
Trinity Seven Movie 1: Eternity Library to Alchemic Girl,1,4.0,172948,7.25,1504
Trinity Seven Movie 2: Heavens Library to Crimson Lord,1,2.0,107821,7.34,1505
Tsuki ga Kirei,1,7.0,528075,8.06,1506
Yuru Camp△,1,9.0,469678,8.27,1507
Yuru Camp△ Movie,1,10.0,69962,8.45,1508
Yuru Camp△ Season 2,1,9.0,211135,8.53,1509
Yuru Camp△ Season 2 Specials,1,9.0,19538,7.46,1510
Yuru Camp△ Specials,1,7.0,53483,7.56,1511
Gunslinger Girl,1,6.0,186922,7.39,1512
Mushishi,2,7.0,805452,8.66,1513
"Tantei wa Mou, Shindeiru.",2,4.0,354476,6.38,1514
Sakusei Byoutou The Animation,1,4.0,8668,7.04,1515
Aikagi The Animation,1,5.0,12111,7.17,1516
Ane wa Yanmama Junyuu-chuu,1,5.0,26564,7.75,1517
Araiya-san!: Ore to Aitsu ga Onnayu de!?,1,4.0,46272,6.59,1518
Baku Ane 2: Otouto Ippai Shibocchau zo! The Animation,1,5.0,19587,7.21,1519
Baku Ane: Otouto Shibocchau zo! The Animation,1,6.0,38012,7.38,1520
Dropout,1,5.0,34838,6.83,1521
Futa-bu!,1,6.0,28754,7.14,1522
Futa-bu!!,1,6.0,20453,7.22,1523
Hinagiku Virgin Lost Club e Youkoso,1,4.0,8962,6.84,1524
Ijirare: Fukushuu Saimin,1,6.0,16989,7.40,1525
Isekai Harem Monogatari,1,6.0,22175,7.47,1526
Itadaki! Seieki♥,1,7.0,66653,7.40,1527
Kohakuiro no Hunter The Animation,1,3.0,5982,6.27,1528
Kutsujoku,1,5.0,8450,6.82,1529
Kutsujoku 2 The Animation,1,4.0,5130,6.28,1530
Otokonoko Ojousama,1,4.0,4411,6.08,1531
Residence,1,3.0,10246,6.80,1532
Shinsei: Futanari Idol - Dekatama-kei!,1,6.0,9231,6.57,1533
Tropical Kiss,1,6.0,26274,7.08,1534
TSF Monogatari,1,4.0,17927,6.59,1535
Akiba's Trip The Animation,1,5.0,147198,6.49,1536
Aku no Hana,2,4.5,218527,7.14,1537
Another: The Other - Inga,2,5.5,187310,7.26,1538
Blood Lad,1,6.0,675267,7.25,1539
Blood Lad: Wagahai wa Neko de wa Nai,1,4.0,111439,7.11,1540
Boku no Kanojo ga Majimesugiru Sho-bitch na Ken OVA,1,5.0,44238,6.35,1541
Chuunibyou demo Koi ga Shitai! Movie: Take On Me,1,6.0,261540,8.11,1542
"Elfen Lied: Tooriame nite Arui wa, Shoujo wa Ikani Shite Sono Shinjou ni Itatta ka? - Regenschauer",2,6.0,190651,7.14,1543
Ga-Rei: Zero,2,7.0,235214,7.58,1544
Gakkougurashi!,1,6.0,442131,7.62,1545
Higurashi no Naku Koro ni,2,8.0,789356,7.89,1546
Higurashi no Naku Koro ni Kai,2,8.0,470897,8.18,1547
Higurashi no Naku Koro ni Kira,1,5.0,85995,6.54,1548
Higurashi no Naku Koro ni Rei,1,7.0,191514,7.41,1549
Lucky☆Star: Original na Visual to Animation,1,8.0,130857,7.80,1550
Neon Genesis Evangelion: Death & Rebirth,2,5.5,255917,7.47,1551
Odd Taxi Movie: In the Woods,1,6.0,41123,6.22,1552
Sakamoto desu ga? Sakamoto deshita?,1,5.0,85162,6.81,1553
Shigatsu wa Kimi no Uso: Moments,1,6.0,108010,7.69,1554
Shiki,3,7.333,587651,7.73,1555
Blood+,1,5.0,370738,7.62,1556
Seitokai Yakuindomo*,1,4.0,250038,7.69,1557
Umineko no Naku Koro ni,1,4.0,216726,7.05,1558
Rurouni Kenshin: Meiji Kenkaku Romantan (2023),1,7.0,90645,7.73,1559
2.43: Seiin Koukou Danshi Volley-bu,1,5.0,109370,6.14,1560
Ahiru no Sora,1,8.0,193390,7.27,1561
Days (TV),1,7.0,141227,7.16,1562
Days: Touin Gakuen-sen!,1,7.0,23476,7.44,1563
Fullmetal Alchemist: Brotherhood Specials,1,8.0,155891,8.00,1564
High Card,1,6.0,91874,7.15,1565
Piano no Mori (TV),1,6.0,123655,7.31,1566
Piano no Mori (TV) 2nd Season,1,6.0,49546,7.43,1567
Pokemon Diamond & Pearl,1,6.0,143243,7.27,1568
Pokemon XY&Z,1,7.0,137653,7.73,1569
Re-Main,1,7.0,127059,7.21,1570
Shakunetsu Kabaddi,1,6.0,98530,7.03,1571
Yuukoku no Moriarty OVA,2,6.5,35545,7.77,1572
Initial D First Stage,2,7.5,363049,8.33,1573
Abenobashi Mahou☆Shoutengai,1,5.0,88400,7.23,1574
AIKa,1,6.0,34362,5.93,1575
AIKa: Special Trial,1,6.0,7822,5.62,1576
Amon: Devilman Mokushiroku,1,7.0,22397,6.49,1577
Andersen Douwa: Ningyohime,1,3.0,5700,6.88,1578
Angel Cop,1,3.0,20472,5.97,1579
Ao no 6-gou,1,6.0,55930,7.00,1580
Aoki Hagane no Arpeggio: Ars Nova,1,6.0,148379,7.35,1581
Arakawa Under the Bridge,2,7.5,348539,7.56,1582
Aria the Animation,1,7.0,159429,7.68,1583
Baka to Test to Shoukanjuu,1,6.0,626080,7.52,1584
Basilisk: Kouga Ninpou Chou,1,7.0,184289,7.54,1585
Bayonetta: Bloody Fate,1,5.0,50839,6.63,1586
Bikini Warriors,1,7.0,89038,5.11,1587
Binbougami ga!,1,8.0,228367,7.67,1588
Bio Hunter,1,6.0,14359,5.92,1589
Bishoujo Senshi Sailor Moon,2,7.0,371949,7.73,1590
Bishoujo Senshi Sailor Moon R,2,6.0,154741,7.72,1591
Bishoujo Senshi Sailor Moon S,2,6.5,143495,7.89,1592
Bishoujo Senshi Sailor Moon SuperS Gaiden: Ami-chan no Hatsukoi,1,5.0,25406,7.32,1593
Black Jack the Movie,1,8.0,13061,7.33,1594
Blade Runner: Black Out 2022,1,7.0,36301,6.91,1595
Blood-C,1,8.0,359223,6.53,1596
Blood: The Last Vampire,1,6.0,108879,6.88,1597
Boku no Hero Academia: Hero Note,1,4.0,181739,7.28,1598
Bokusatsu Tenshi Dokuro-chan,2,6.5,196691,6.54,1599
Bokusatsu Tenshi Dokuro-chan 2,2,5.5,106864,6.64,1600
Chirin no Suzu,1,8.0,13072,7.10,1601
Choujin Densetsu Urotsukidouji Movie,1,3.0,6069,6.11,1602
Cossette no Shouzou,1,4.0,70749,6.79,1603
"Dakara Boku wa, H ga Dekinai.",1,4.0,411566,6.55,1604
Dance in the Vampire Bund,1,3.0,225638,6.99,1605
Dark Cat,1,1.0,5040,3.23,1606
Date A Live IV,1,5.0,235087,7.78,1607
Deimos no Hanayome: Ran no Kumikyoku,1,6.0,5928,5.66,1608
Dengeki Oshioki Musume Gootaman R: Ai to Kanashimi no Final Battle,1,7.0,3454,5.30,1609
Dengeki Oshioki Musume Gootaman: Gootaman Tanjou-hen,1,6.0,7569,5.17,1610
Devilman: Tanjou-hen,2,8.0,30003,7.17,1611
Devilman: Yochou Sirene-hen,2,8.5,22316,7.03,1612
Dirty Pair,1,7.0,31120,7.21,1613
Dirty Pair: Lovely Angels yori Ai wo Komete,1,7.0,5647,7.04,1614
Dorohedoro: Ma no Omake,1,8.0,51911,7.10,1615
Dragon Ball Movie 2: Majinjou no Nemurihime,1,5.0,63199,6.73,1616
Dragon Ball Movie 3: Makafushigi Daibouken,1,3.0,56466,6.82,1617
Dragon Ball Z Movie 02: Kono Yo de Ichiban Tsuyoi Yatsu,1,4.0,111083,6.58,1618
Dragon Ball Z Movie 03: Chikyuu Marugoto Choukessen,1,4.0,133675,6.69,1619
Dragon Ball Z Movie 04: Super Saiyajin da Son Gokuu,1,5.0,117230,6.54,1620
Dragon Ball Z Movie 05: Tobikkiri no Saikyou tai Saikyou,1,6.0,145347,7.06,1621
Dragon Ball Z Movie 06: Gekitotsu!! 100-oku Power no Senshi-tachi,1,6.0,125191,6.79,1622
Dragon Ball Z Movie 07: Kyokugen Battle!! Sandai Super Saiyajin,1,6.0,120781,6.83,1623
"Dragon Ball Z Movie 08: Moetsukiro!! Nessen, Ressen, Chougekisen",1,7.0,158515,7.31,1624
Dragon Ball Z Movie 09: Ginga Girigiri!! Bucchigiri no Sugoi Yatsu,1,4.0,118596,7.11,1625
Dragon Ball Z Movie 10: Kiken na Futari! Super Senshi wa Nemurenai,1,4.0,129682,6.77,1626
Dragon Ball Z Movie 11: Super Senshi Gekiha!! Katsu no wa Ore da,1,3.0,120981,5.78,1627
Dragon Ball Z Movie 12: Fukkatsu no Fusion!! Gokuu to Vegeta,1,5.0,148405,7.59,1628
Dragon Ball Z Movie 13: Ryuuken Bakuhatsu!! Gokuu ga Yaraneba Dare ga Yaru,1,7.0,128544,7.35,1629
Dragon Ball Z Movie 14: Kami to Kami,1,5.0,214749,7.40,1630
Dragon Ball Z Special 1: Tatta Hitori no Saishuu Kessen,1,7.0,102248,7.56,1631
Dragon Ball Z Special 2: Zetsubou e no Hankou!! Nokosareta Chousenshi - Gohan to Trunks,1,7.0,107680,7.77,1632
Eden (ONA),1,6.0,17879,6.38,1633
Fatal Fury 2: The New Battle,1,4.0,9559,6.69,1634
Fatal Fury: The Motion Picture,1,5.0,13460,6.56,1635
Final Fantasy,1,5.0,15259,6.11,1636
Final Fantasy VII: Advent Children,1,3.0,210905,7.72,1637
Final Fantasy: The Spirits Within,1,6.0,70472,6.31,1638
Full Metal Panic! Invisible Victory Intermission,1,7.0,6470,6.34,1639
Gakkyuu Ou Yamazaki,1,4.0,1241,6.19,1640
Galaxy Angel Z,1,7.0,10371,7.19,1641
Gankutsuou,1,8.0,244006,8.13,1642
Gosick,1,4.0,536042,8.05,1643
GS Mikami,1,7.0,13559,7.26,1644
Guraburu!,1,2.0,13951,5.77,1645
Hajime no Ippo: Boxer no Kobushi,1,7.0,53187,8.09,1646
Hanappe Bazooka,1,6.0,3792,5.32,1647
Heppoko Jikken Animation Excel♥Saga,2,7.5,107698,7.49,1648
Higashi no Eden,1,8.0,555392,7.75,1649
Hokuto no Ken Movie,1,7.0,21011,7.22,1650
"Ima, Soko ni Iru Boku",2,7.5,141353,7.61,1651
Inferno Cop,1,6.0,101297,7.23,1652
Iria: Zeiram The Animation,1,5.0,25411,7.08,1653
Iron Virgin Jun,1,4.0,2901,4.52,1654
Jin-Rou,1,10.0,172849,7.78,1655
Kakugo no Susume,1,6.0,11388,4.77,1656
Kara no Kyoukai: Manner Movies,1,6.0,12687,6.41,1657
Kaze no Na wa Amnesia,1,6.0,19306,6.31,1658
Kenzen Robo Daimidaler,1,7.0,69211,6.13,1659
Kidou Keisatsu Patlabor the Movie,1,8.0,45604,7.55,1660
Kinnikuman,1,6.0,12080,7.32,1661
Knights of the Zodiac: Saint Seiya,1,2.0,18104,5.15,1662
Koe de Oshigoto! The Animation,1,3.0,90713,6.88,1663
Kore wa Zombie desu ka?,1,7.0,616833,7.34,1664
Kore wa Zombie desu ka? of the Dead,1,7.0,373930,7.49,1665
"Kore wa Zombie desu ka? of the Dead: Hai, Minotake ni Attemasu",1,7.0,104686,7.43,1666
Kore wa Zombie desu ka? OVA,1,7.0,131030,7.37,1667
Kotarou wa Hitorigurashi,1,7.0,139422,8.21,1668
Koukaku Kidoutai: Stand Alone Complex,2,7.5,389135,8.42,1669
Kubikiri Cycle: Aoiro Savant to Zaregotozukai,1,7.0,102662,7.76,1670
Kurozuka,1,7.0,95645,6.87,1671
Kuuchuu Buranko,1,8.0,91695,7.92,1672
Kyoufu no Bio Ningen Saishuu Kyoushi,1,7.0,4206,5.47,1673
Kyougoku Natsuhiko: Kousetsu Hyaku Monogatari,2,5.0,37592,7.09,1674
Kyuuketsuki Sugu Shinu,1,6.0,85751,7.26,1675
Let's Nupu Nupu,1,7.0,7485,6.20,1676
Lupin III: Cagliostro no Shiro,1,9.0,112941,8.15,1677
Lupin the Third: Mine Fujiko to Iu Onna,1,8.0,62027,7.77,1678
Macross,2,6.5,106765,7.90,1679
Macross: Do You Remember Love?,1,8.0,46609,7.94,1680
Mad★Bull 34,1,4.0,11431,6.31,1681
Makai Tenshou,1,7.0,7057,5.21,1682
Makai Toshi Shinjuku,1,7.0,23360,6.16,1683
Manie-Manie: Meikyuu Monogatari,1,10.0,32737,7.06,1684
"Maou-sama, Retry!",1,5.0,236641,6.55,1685
Maria†Holic,1,7.0,174770,7.01,1686
Maria†Holic Alive,1,5.0,65175,6.95,1687
Mawaru Penguindrum,1,8.0,295155,7.94,1688
Meikyuu Black Company,1,6.0,208879,7.25,1689
Midnight Eye: Gokuu,1,6.0,12233,6.44,1690
Mononoke,2,5.0,315851,8.43,1691
Murder Princess,2,4.0,57071,6.98,1692
Nanako Kaitai Shinsho,1,3.0,11298,5.49,1693
Noragami OVA,1,6.0,320253,7.72,1694
Outlanders,1,5.0,8362,5.85,1695
Pikotarou no Lullaby Lullaby,1,2.0,2041,5.21,1696
Pikotarou no Lullaby Lullaby (TV),1,2.0,5535,5.57,1697
Planetes,2,6.5,247338,8.26,1698
Rainbow: Nisha Rokubou no Shichinin,2,6.0,385976,8.48,1699
Ranma ½: Chuugoku Nekonron Daikessen! Okite Yaburi no Gekitou-hen!!,1,6.0,21729,7.23,1700
Ranma ½: Kessen Tougenkyou! Hanayome wo Torimodose!,1,5.0,20959,7.41,1701
Robot Carnival,1,10.0,25036,7.24,1702
Roujin Z,1,8.0,36823,7.05,1703
Saint Seiya,1,8.0,183517,7.75,1704
Saint Seiya: Jashin Eris,1,6.0,19052,6.79,1705
Saint Seiya: Kamigami no Atsuki Tatakai,1,5.0,17272,6.86,1706
Saint Seiya: Meiou Hades Elysion-hen,1,4.0,40448,7.57,1707
Saint Seiya: Meiou Hades Juuni Kyuu-hen,1,7.0,55875,8.05,1708
Saint Seiya: Meiou Hades Meikai-hen,1,4.0,49402,7.75,1709
Saint Seiya: Saishuu Seisen no Senshi-tachi,1,6.0,16211,6.76,1710
Saint Seiya: Shinku no Shounen Densetsu,1,7.0,15904,7.21,1711
Saint Seiya: Tenkai-hen Josou - Overture,1,4.0,23735,7.20,1712
Saint Seiya: The Lost Canvas - Meiou Shinwa,1,7.0,105912,7.98,1713
Saint Seiya: The Lost Canvas - Meiou Shinwa 2,1,7.0,73897,8.09,1714
Saint☆Oniisan,1,3.0,91649,7.48,1715
Sakigake!! Cromartie Koukou,1,3.0,136243,7.90,1716
Sekai no Yami Zukan,1,2.0,23187,4.70,1717
Sengoku Kitan Youtouden Movie,1,3.0,5257,5.97,1718
Shadows House 2nd Season,1,7.0,111490,8.00,1719
Shigurui,2,8.0,120542,7.37,1720
Shin Cutey Honey,1,5.0,10197,6.62,1721
Shin Kujakuou,1,5.0,2383,5.82,1722
Shinsekai yori,1,8.0,764100,8.28,1723
Shuranosuke Zanmaken: Shikamamon no Otoko,1,2.0,4560,4.71,1724
Sidonia no Kishi,2,6.0,227614,7.64,1725
Sidonia no Kishi: Daikyuu Wakusei Seneki,1,6.0,117134,7.72,1726
Slayers,1,7.0,139240,7.73,1727
Slayers Great,1,7.0,19679,7.32,1728
Slayers Next,1,8.0,69171,8.02,1729
Slayers Return,1,7.0,20220,7.31,1730
Slayers Try,1,8.0,54069,7.81,1731
Sol Levante,1,7.0,19528,4.93,1732
Sora no Otoshimono,1,6.0,470811,7.25,1733
Sora no Otoshimono Forte,1,6.0,286790,7.45,1734
Space☆Dandy,2,9.0,346998,7.88,1735
Space☆Dandy 2nd Season,2,9.0,163871,8.26,1736
Street Fighter II Movie,1,7.0,30903,7.17,1737
Street Fighter Zero The Animation,1,4.0,16167,6.51,1738
Subete ga F ni Naru,1,7.0,167667,7.24,1739
Sunabouzu,2,6.5,136551,7.38,1740
Tenchi Muyou!,1,8.0,78082,7.42,1741
Tenchi Muyou! in Love,1,7.0,23655,7.41,1742
Tenchi Muyou! Manatsu no Eve,1,7.0,15463,7.10,1743
Tenchi Muyou! Ryououki,1,8.0,51891,7.61,1744
Tenkuu no Escaflowne,2,8.0,152697,7.67,1745
Tetsuwan Birdy,1,5.0,30895,7.08,1746
The Animatrix,1,7.0,80670,7.30,1747
Triage X,1,4.0,160851,6.32,1748
Uchuu Senkan Tiramisù,1,6.0,27823,6.37,1749
Ueno-san wa Bukiyou,1,6.0,116777,6.56,1750
Umezu Kazuo no Noroi,1,6.0,7797,6.18,1751
Ushinawareta Choushoku,1,7.0,498,5.82,1752
Vampire Hunter,1,6.0,18846,6.57,1753
Vampire Sensou,1,4.0,4457,4.65,1754
Violence Jack: Harem Bomber-hen,1,5.0,12748,5.19,1755
Violence Jack: Hell's Wind-hen,1,3.0,8928,5.48,1756
Violence Jack: Jigoku Gai-hen,1,4.0,11151,5.55,1757
Witchblade,1,5.0,114231,7.22,1758
Wolf's Rain,2,5.0,322473,7.80,1759
X/1999,1,3.0,37681,6.57,1760
Yami no Teio: Kyuuketsuki Dracula,2,1.5,4460,3.70,1761
Yojouhan Time Machine Blues,1,8.0,37317,8.19,1762
Yoru no Kuni,1,8.0,13294,7.44,1763
Yoru wa Mijikashi Arukeyo Otome,1,8.0,121410,8.18,1764
Yuru Yuri,1,5.0,332442,7.57,1765
Yuru Yuri♪♪,1,5.0,182761,7.82,1766
Yuu☆Yuu☆Hakusho: Meikai Shitou-hen - Honoo no Kizuna,1,6.0,28643,7.18,1767
Arslan Senki (TV),1,9.0,368128,7.66,1768
Babylon,1,7.0,150585,6.74,1769
Ginga Eiyuu Densetsu Gaiden: Ougon no Tsubasa,1,7.0,14718,6.27,1770
Ginga Eiyuu Densetsu: Arata naru Tatakai no Overture,1,9.0,33694,8.08,1771
Ginga Eiyuu Densetsu: Waga Yuku wa Hoshi no Taikai,1,8.0,38161,7.87,1772
Juu Ou Sei,1,4.0,72224,7.20,1773
Omoide Poroporo,1,8.0,140428,7.44,1774
Ore Monogatari!!,1,8.0,656460,7.90,1775
Psycho-Pass Movie,1,6.0,266273,7.70,1776
Zetman,1,5.0,134172,6.84,1777
Ashita no Joe,1,7.0,87775,8.30,1778
Ashita no Joe 2,1,7.0,49111,8.71,1779
Bakuretsu Tenshi,1,4.0,69935,6.79,1780
Bishoujo Senshi Sailor Moon SuperS,1,6.0,116364,7.63,1781
Bishoujo Senshi Sailor Moon: Sailor Stars,1,6.0,110426,7.95,1782
Blocker Gundan IV Machine Blaster,1,4.0,1131,6.08,1783
Blue Gender,1,7.0,79264,7.03,1784
Bokura no,1,7.0,188085,7.61,1785
Candy Candy,1,6.0,30213,7.57,1786
Cardcaptor Sakura,1,8.0,426385,8.16,1787
Chou Denji Machine Voltes V,1,4.0,7883,7.46,1788
City Hunter,1,7.0,78156,7.91,1789
City Hunter '91,1,6.0,23200,7.75,1790
City Hunter 2,1,7.0,25999,8.06,1791
City Hunter 3,1,4.0,20986,7.80,1792
City Hunter: The Secret Service,1,8.0,8348,7.42,1793
Cowboy Bebop: Tengoku no Tobira,1,10.0,366708,8.38,1794
D.Gray-man Hallow,1,7.0,186771,7.70,1795
Devilman Lady,1,8.0,24575,6.60,1796
Eromanga-sensei OVA,1,5.0,113316,6.80,1797
Escaflowne,1,3.0,68492,7.06,1798
Glass no Kamen,1,1.0,9044,7.36,1799
Hajime no Ippo: Champion Road,1,7.0,132014,8.26,1800
Hajime no Ippo: Mashiba vs. Kimura,1,5.0,105719,8.23,1801
Hokuto no Ken,1,6.0,128093,7.96,1802
Hokuto no Ken 2,1,5.0,30622,7.56,1803
Initial D Fifth Stage,1,4.0,141720,8.09,1804
Initial D Fourth Stage,1,7.0,178069,8.16,1805
Initial D Second Stage,1,7.0,208073,8.16,1806
Initial D Third Stage,1,5.0,172187,7.90,1807
Inu-Ou,1,4.0,24048,7.80,1808
Kaguya-hime no Monogatari,1,9.0,221641,8.21,1809
Kaiba,1,2.0,147816,8.14,1810
Kaiketsu Zorro,1,8.0,11935,7.23,1811
Kara no Kyoukai Movie: Mirai Fukuin - Extra Chorus,1,5.0,47863,7.46,1812
Karakai Jouzu no Takagi-san 3,1,7.0,176723,8.42,1813
Karakai Jouzu no Takagi-san Movie,1,4.0,64884,8.50,1814
Kick-Heart,1,4.0,20702,6.41,1815
"Kimi to, Nami ni Noretara",1,5.0,213478,7.61,1816
Koukaku Kidoutai 2.0,1,4.0,87425,7.97,1817
Koukaku Kidoutai: Stand Alone Complex - Solid State Society,1,8.0,98539,8.11,1818
Koukaku Kidoutai: Stand Alone Complex 2nd GIG,1,9.0,222960,8.52,1819
Lodoss-tou Senki: Eiyuu Kishi Den,1,4.0,32124,7.13,1820
Macross 7,1,4.0,30459,7.18,1821
Macross Dynamite 7,1,5.0,13499,6.82,1822
Macross F,1,6.0,144763,7.89,1823
Macross Δ,1,4.0,75932,7.27,1824
Macross Plus,1,8.0,46934,7.71,1825
Macross Plus Movie Edition,1,6.0,16838,7.71,1826
Mamono Hunter Youko,1,2.0,12226,6.23,1827
Master Keaton,1,8.0,26611,7.60,1828
Master Keaton OVA,1,5.0,9883,7.72,1829
Mind Game,1,3.0,83632,7.78,1830
Mushishi Zoku Shou 2nd Season,1,5.0,258504,8.73,1831
Mushishi Zoku Shou: Odoro no Michi,1,6.0,98232,8.43,1832
Mushishi Zoku Shou: Suzu no Shizuku,1,4.0,124912,8.59,1833
Mushishi: Hihamukage,1,2.0,135430,8.53,1834
Noir,1,5.0,111328,7.29,1835
Ore no Imouto ga Konnani Kawaii Wake ga Nai Specials,1,5.0,187827,7.33,1836
RahXephon,1,7.0,117460,7.39,1837
Rurouni Kenshin: Meiji Kenkaku Romantan - Seisou-hen,1,7.0,82908,7.97,1838
School Rumble,1,7.0,322990,7.89,1839
School Rumble Ni Gakki,1,8.0,158982,7.98,1840
School Rumble San Gakki,1,5.0,61752,7.29,1841
Shiki Specials,1,5.0,70315,7.76,1842
Shin Hokuto no Ken,1,6.0,14467,6.94,1843
Shokugeki no Souma: Ni no Sara OVA,1,4.0,159693,7.47,1844
Shoujo Kakumei Utena,1,9.0,212050,8.20,1845
Silent Möbius,1,8.0,14685,6.81,1846
Skull Man,1,2.0,31933,6.60,1847
Slam Dunk (Movie),1,4.0,19540,7.33,1848
Tenshi Kinryouku,1,2.0,48709,6.26,1849
Texhnolyze,1,7.0,244039,7.76,1850
The Big O,1,7.0,94028,7.53,1851
Trigun: Badlands Rumble,1,5.0,139483,7.92,1852
Urusei Yatsura,1,8.0,85722,7.74,1853
Versailles no Bara,1,6.0,94323,8.33,1854
Ars no Kyojuu,1,2.0,40782,6.09,1855
Bishoujo Senshi Sailor Moon Crystal,1,2.0,144729,7.11,1856
Gilgamesh,1,4.0,40634,6.63,1857
Golgo 13 (TV),1,4.0,41801,7.52,1858
Heike Monogatari,1,4.0,76069,7.78,1859
Last Exile,1,2.0,171832,7.79,1860
Nihon Chinbotsu 2020,1,2.0,145295,6.45,1861
Shokugeki no Souma: Shin no Sara,1,3.0,595645,7.74,1862
xxxHOLiC,1,1.0,313308,7.98,1863
